N,Gp,mu,R(J/(K*g)),tau,g(m/s^2),beta,Betav1,Betav2,Betav3,T_irr(K),P_H(Pa),Gv1,Gv2,Gv3,Gamma1,Gamma2,sigma,P(Pa),Kappa(m^2/kg),T(K),rho,pkpt,pkpr,J1(W/m^2),J2(W/m^2),H1(W/m^2),H2(W/m^2),C1,C3,GAMMA_0,t_th
   1,0.112E+02,.57735E+00,  3522.881, 0.192E-04, 9.356,0.840,   0.33333,   0.33333,   0.33333,1630.8,0.200E+07,   5.20886,   1.09542,   0.14325,  13.18816,   0.17088,0.500E-05,0.100E+02,0.180E-04,.11498E+04,0.247E-05,  15.53279,  -0.01575,    0.2186108894E+05,    0.1135762106E+05,    0.1186566133E+05,    0.6587254647E+04,    0.1541407534E+06,   -0.3612495556E+06,    0.1137823900E+09,    0.3557774294E+06
   2,0.112E+02,.57735E+00,  3522.881, 0.217E-04, 9.356,0.840,   0.33333,   0.33333,   0.33333,1630.8,0.200E+07,   5.20886,   1.09542,   0.14325,  13.18816,   0.17088,0.566E-05,0.113E+02,0.181E-04,.11498E+04,0.279E-05,  15.53230,  -0.01575,    0.2186228215E+05,    0.1135762964E+05,    0.1186548431E+05,    0.6587257349E+04,    0.1541407534E+06,   -0.3612495556E+06,    0.1005827083E+09,    0.3523826538E+06
   3,0.112E+02,.57735E+00,  3522.881, 0.247E-04, 9.356,0.840,   0.33333,   0.33333,   0.33333,1630.8,0.200E+07,   5.20886,   1.09542,   0.14325,  13.18816,   0.17088,0.640E-05,0.128E+02,0.185E-04,.11498E+04,0.316E-05,  15.53602,  -0.01576,    0.2186365676E+05,    0.1135763953E+05,    0.1186528038E+05,    0.6587260461E+04,    0.1541407534E+06,   -0.3612495556E+06,    0.8891409096E+08,    0.3459977582E+06
   4,0.112E+02,.57735E+00,  3522.881, 0.280E-04, 9.356,0.840,   0.33333,   0.33333,   0.33333,1630.8,0.200E+07,   5.20886,   1.09542,   0.14325,  13.18816,   0.17088,0.724E-05,0.145E+02,0.188E-04,.11498E+04,0.357E-05,  15.53967,  -0.01576,    0.2186524208E+05,    0.1135765093E+05,    0.1186504519E+05,    0.6587264050E+04,    0.1541407534E+06,   -0.3612495556E+06,    0.7859893705E+08,    0.3393543852E+06
   5,0.112E+02,.57735E+00,  3522.881, 0.319E-04, 9.356,0.840,   0.33333,   0.33333,   0.33333,1630.8,0.200E+07,   5.20886,   1.09542,   0.14325,  13.18816,   0.17088,0.819E-05,0.164E+02,0.192E-04,.11499E+04,0.404E-05,  15.54325,  -0.01576,    0.2186707250E+05,    0.1135766410E+05,    0.1186477364E+05,    0.6587268194E+04,    0.1541407534E+06,   -0.3612495556E+06,    0.6948024654E+08,    0.3324600169E+06
   6,0.112E+02,.57735E+00,  3522.881, 0.364E-04, 9.356,0.840,   0.33333,   0.33333,   0.33333,1630.8,0.200E+07,   5.20886,   1.09542,   0.14325,  13.18816,   0.17088,0.926E-05,0.185E+02,0.196E-04,.11499E+04,0.457E-05,  15.54675,  -0.01576,    0.2186918834E+05,    0.1135767932E+05,    0.1186445975E+05,    0.6587272985E+04,    0.1541407534E+06,   -0.3612495556E+06,    0.6141923050E+08,    0.3253239701E+06
   7,0.112E+02,.57735E+00,  3522.881, 0.417E-04, 9.356,0.840,   0.33333,   0.33333,   0.33333,1630.8,0.200E+07,   5.20886,   1.09542,   0.14325,  13.18816,   0.17088,0.105E-04,0.210E+02,0.201E-04,.11499E+04,0.517E-05,  15.55016,  -0.01576,    0.2187163705E+05,    0.1135769694E+05,    0.1186409648E+05,    0.6587278528E+04,    0.1541407534E+06,   -0.3612495556E+06,    0.5429319861E+08,    0.3179574067E+06
   8,0.112E+02,.57735E+00,  3522.881, 0.477E-04, 9.356,0.840,   0.33333,   0.33333,   0.33333,1630.8,0.200E+07,   5.20886,   1.09542,   0.14325,  13.18816,   0.17088,0.119E-04,0.237E+02,0.206E-04,.11499E+04,0.585E-05,  15.55346,  -0.01576,    0.2187447445E+05,    0.1135771735E+05,    0.1186367555E+05,    0.6587284952E+04,    0.1541407534E+06,   -0.3612495556E+06,    0.4799369187E+08,    0.3103733157E+06
   9,0.112E+02,.57735E+00,  3522.881, 0.547E-04, 9.356,0.840,   0.33333,   0.33333,   0.33333,1630.8,0.200E+07,   5.20886,   1.09542,   0.14325,  13.18816,   0.17088,0.134E-04,0.268E+02,0.211E-04,.11500E+04,0.662E-05,  15.55663,  -0.01576,    0.2187776636E+05,    0.1135774104E+05,    0.1186318720E+05,    0.6587292404E+04,    0.1541407534E+06,   -0.3612495556E+06,    0.4242483171E+08,    0.3025864644E+06
  10,0.112E+02,.57735E+00,  3522.881, 0.629E-04, 9.356,0.840,   0.33333,   0.33333,   0.33333,1630.8,0.200E+07,   5.20886,   1.09542,   0.14325,  13.18816,   0.17088,0.152E-04,0.303E+02,0.217E-04,.11500E+04,0.749E-05,  15.55966,  -0.01576,    0.2188159046E+05,    0.1135776855E+05,    0.1186261991E+05,    0.6587301060E+04,    0.1541407534E+06,   -0.3612495556E+06,    0.3750186077E+08,    0.2946133187E+06
  11,0.112E+02,.57735E+00,  3522.881, 0.723E-04, 9.356,0.840,   0.33333,   0.33333,   0.33333,1630.8,0.200E+07,   5.20886,   1.09542,   0.14325,  13.18816,   0.17088,0.172E-04,0.343E+02,0.223E-04,.11500E+04,0.847E-05,  15.56252,  -0.01576,    0.2188603855E+05,    0.1135780056E+05,    0.1186196006E+05,    0.6587311128E+04,    0.1541407534E+06,   -0.3612495556E+06,    0.3314985280E+08,    0.2864719309E+06
  12,0.112E+02,.57735E+00,  3522.881, 0.834E-04, 9.356,0.840,   0.33333,   0.33333,   0.33333,1630.8,0.200E+07,   5.20886,   1.09542,   0.14325,  13.18816,   0.17088,0.194E-04,0.388E+02,0.229E-04,.11501E+04,0.958E-05,  15.56518,  -0.01576,    0.2189121924E+05,    0.1135783784E+05,    0.1186119155E+05,    0.6587322854E+04,    0.1541407534E+06,   -0.3612495556E+06,    0.2930257230E+08,    0.2781817969E+06
  13,0.112E+02,.57735E+00,  3522.881, 0.963E-04, 9.356,0.840,   0.33333,   0.33333,   0.33333,1630.8,0.200E+07,   5.20886,   1.09542,   0.14325,  13.18816,   0.17088,0.220E-04,0.439E+02,0.237E-04,.11502E+04,0.108E-04,  15.56762,  -0.01576,    0.2189726124E+05,    0.1135788132E+05,    0.1186029529E+05,    0.6587336528E+04,    0.1541407534E+06,   -0.3612495556E+06,    0.2590146638E+08,    0.2697636839E+06
  14,0.112E+02,.57735E+00,  3522.881, 0.111E-03, 9.356,0.840,   0.33333,   0.33333,   0.33333,1630.8,0.200E+07,   5.20886,   1.09542,   0.14325,  13.18816,   0.17088,0.248E-04,0.497E+02,0.244E-04,.11502E+04,0.123E-04,  15.56980,  -0.01576,    0.2190431722E+05,    0.1135793210E+05,    0.1185924864E+05,    0.6587352495E+04,    0.1541407534E+06,   -0.3612495556E+06,    0.2289477361E+08,    0.2612394318E+06
  15,0.112E+02,.57735E+00,  3522.881, 0.129E-03, 9.356,0.840,   0.33333,   0.33333,   0.33333,1630.8,0.200E+07,   5.20886,   1.09542,   0.14325,  13.18816,   0.17088,0.281E-04,0.562E+02,0.252E-04,.11503E+04,0.139E-04,  15.57167,  -0.01575,    0.2191256847E+05,    0.1135799149E+05,    0.1185802474E+05,    0.6587371166E+04,    0.1541407534E+06,   -0.3612495556E+06,    0.2023673620E+08,    0.2526317309E+06
  16,0.112E+02,.57735E+00,  3522.881, 0.149E-03, 9.356,0.840,   0.33333,   0.33333,   0.33333,1630.8,0.200E+07,   5.20886,   1.09542,   0.14325,  13.18816,   0.17088,0.318E-04,0.636E+02,0.261E-04,.11504E+04,0.157E-04,  15.57317,  -0.01575,    0.2192223057E+05,    0.1135806104E+05,    0.1185659161E+05,    0.6587393025E+04,    0.1541407534E+06,   -0.3612495556E+06,    0.1788690358E+08,    0.2439638811E+06
  17,0.112E+02,.57735E+00,  3522.881, 0.174E-03, 9.356,0.840,   0.33333,   0.33333,   0.33333,1630.8,0.200E+07,   5.20886,   1.09542,   0.14325,  13.18816,   0.17088,0.360E-04,0.719E+02,0.271E-04,.11505E+04,0.177E-04,  15.57426,  -0.01575,    0.2193356010E+05,    0.1135814261E+05,    0.1185491123E+05,    0.6587418653E+04,    0.1541407534E+06,   -0.3612495556E+06,    0.1580951679E+08,    0.2352595377E+06
  18,0.112E+02,.57735E+00,  3522.881, 0.202E-03, 9.356,0.840,   0.33333,   0.33333,   0.33333,1630.8,0.200E+07,   5.20886,   1.09542,   0.14325,  13.18816,   0.17088,0.407E-04,0.813E+02,0.281E-04,.11506E+04,0.201E-04,  15.57485,  -0.01574,    0.2194686280E+05,    0.1135823840E+05,    0.1185293828E+05,    0.6587448740E+04,    0.1541407534E+06,   -0.3612495556E+06,    0.1397296419E+08,    0.2265424487E+06
  19,0.112E+02,.57735E+00,  3522.881, 0.235E-03, 9.356,0.840,   0.33333,   0.33333,   0.33333,1630.8,0.200E+07,   5.20886,   1.09542,   0.14325,  13.18816,   0.17088,0.460E-04,0.920E+02,0.292E-04,.11508E+04,0.227E-04,  15.57486,  -0.01574,    0.2196250335E+05,    0.1135835104E+05,    0.1185061873E+05,    0.6587484107E+04,    0.1541407534E+06,   -0.3612495556E+06,    0.1234930045E+08,    0.2178361896E+06
  20,0.112E+02,.57735E+00,  3522.881, 0.275E-03, 9.356,0.840,   0.33333,   0.33333,   0.33333,1630.8,0.200E+07,   5.20886,   1.09542,   0.14325,  13.18816,   0.17088,0.520E-04,0.104E+03,0.304E-04,.11510E+04,0.257E-04,  15.57419,  -0.01573,    0.2198091715E+05,    0.1135848369E+05,    0.1184788809E+05,    0.6587525734E+04,    0.1541407534E+06,   -0.3612495556E+06,    0.1091382125E+08,    0.2091639019E+06
  21,0.112E+02,.57735E+00,  3522.881, 0.321E-03, 9.356,0.840,   0.33333,   0.33333,   0.33333,1630.8,0.200E+07,   5.20886,   1.09542,   0.14325,  13.18816,   0.17088,0.589E-04,0.118E+03,0.317E-04,.11512E+04,0.290E-04,  15.57271,  -0.01572,    0.2200262448E+05,    0.1135864010E+05,    0.1184466928E+05,    0.6587574794E+04,    0.1541407534E+06,   -0.3612495556E+06,    0.9644687306E+07,    0.2005480402E+06
  22,0.112E+02,.57735E+00,  3522.881, 0.376E-03, 9.356,0.840,   0.33333,   0.33333,   0.33333,1630.8,0.200E+07,   5.20886,   1.09542,   0.14325,  13.18816,   0.17088,0.666E-04,0.133E+03,0.331E-04,.11514E+04,0.328E-04,  15.57027,  -0.01571,    0.2202824763E+05,    0.1135882478E+05,    0.1184087018E+05,    0.6587632683E+04,    0.1541407534E+06,   -0.3612495556E+06,    0.8522592118E+07,    0.1920101336E+06
  23,0.112E+02,.57735E+00,  3522.881, 0.440E-03, 9.356,0.840,   0.33333,   0.33333,   0.33333,1630.8,0.200E+07,   5.20886,   1.09542,   0.14325,  13.18816,   0.17088,0.753E-04,0.151E+03,0.346E-04,.11517E+04,0.371E-04,  15.56672,  -0.01570,    0.2205853144E+05,    0.1135904313E+05,    0.1183638054E+05,    0.6587701075E+04,    0.1541407534E+06,   -0.3612495556E+06,    0.7530468180E+07,    0.1835705657E+06
  24,0.112E+02,.57735E+00,  3522.881, 0.517E-03, 9.356,0.840,   0.33333,   0.33333,   0.33333,1630.8,0.200E+07,   5.20886,   1.09542,   0.14325,  13.18816,   0.17088,0.852E-04,0.170E+03,0.362E-04,.11521E+04,0.420E-04,  15.56182,  -0.01568,    0.2209436808E+05,    0.1135930163E+05,    0.1183106837E+05,    0.6587781969E+04,    0.1541407534E+06,   -0.3612495556E+06,    0.6653227351E+07,    0.1752483773E+06
  25,0.112E+02,.57735E+00,  3522.881, 0.608E-03, 9.356,0.840,   0.33333,   0.33333,   0.33333,1630.8,0.200E+07,   5.20886,   1.09542,   0.14325,  13.18816,   0.17088,0.964E-04,0.193E+03,0.380E-04,.11525E+04,0.475E-04,  15.55535,  -0.01567,    0.2213682687E+05,    0.1135960805E+05,    0.1182477553E+05,    0.6587877758E+04,    0.1541407534E+06,   -0.3612495556E+06,    0.5877531357E+07,    0.1670610941E+06
  26,0.112E+02,.57735E+00,  3522.881, 0.715E-03, 9.356,0.840,   0.33333,   0.33333,   0.33333,1630.8,0.200E+07,   5.20886,   1.09542,   0.14325,  13.18816,   0.17088,0.109E-03,0.218E+03,0.398E-04,.11530E+04,0.537E-04,  15.54701,  -0.01565,    0.2218719014E+05,    0.1135997174E+05,    0.1181731251E+05,    0.6587991305E+04,    0.1541407534E+06,   -0.3612495556E+06,    0.5191588958E+07,    0.1590245825E+06
  27,0.112E+02,.57735E+00,  3522.881, 0.843E-03, 9.356,0.840,   0.33333,   0.33333,   0.33333,1630.8,0.200E+07,   5.20886,   1.09542,   0.14325,  13.18816,   0.17088,0.123E-03,0.247E+03,0.418E-04,.11536E+04,0.607E-04,  15.53645,  -0.01563,    0.2224699630E+05,    0.1136040392E+05,    0.1180845212E+05,    0.6588126034E+04,    0.1541407534E+06,   -0.3612495556E+06,    0.4584976700E+07,    0.1511529329E+06
  28,0.112E+02,.57735E+00,  3522.881, 0.995E-03, 9.356,0.840,   0.33333,   0.33333,   0.33333,1630.8,0.200E+07,   5.20886,   1.09542,   0.14325,  13.18816,   0.17088,0.140E-03,0.279E+03,0.440E-04,.11543E+04,0.686E-04,  15.52324,  -0.01560,    0.2231809167E+05,    0.1136091811E+05,    0.1179792190E+05,    0.6588286045E+04,    0.1541407534E+06,   -0.3612495556E+06,    0.4048480519E+07,    0.1434583722E+06
  29,0.112E+02,.57735E+00,  3522.881, 0.118E-02, 9.356,0.840,   0.33333,   0.33333,   0.33333,1630.8,0.200E+07,   5.20886,   1.09542,   0.14325,  13.18816,   0.17088,0.158E-03,0.316E+03,0.463E-04,.11551E+04,0.776E-04,  15.50691,  -0.01557,    0.2240269245E+05,    0.1136153060E+05,    0.1178539515E+05,    0.6588476238E+04,    0.1541407534E+06,   -0.3612495556E+06,    0.3573955812E+07,    0.1359512040E+06
  30,0.112E+02,.57735E+00,  3522.881, 0.139E-02, 9.356,0.840,   0.33333,   0.33333,   0.33333,1630.8,0.200E+07,   5.20886,   1.09542,   0.14325,  13.18816,   0.17088,0.179E-03,0.357E+03,0.488E-04,.11561E+04,0.877E-04,  15.48685,  -0.01554,    0.2250345905E+05,    0.1136226099E+05,    0.1177048017E+05,    0.6588702470E+04,    0.1541407534E+06,   -0.3612495556E+06,    0.3154203822E+07,    0.1286397748E+06
  31,0.112E+02,.57735E+00,  3522.881, 0.165E-02, 9.356,0.840,   0.33333,   0.33333,   0.33333,1630.8,0.200E+07,   5.20886,   1.09542,   0.14325,  13.18816,   0.17088,0.202E-03,0.404E+03,0.515E-04,.11573E+04,0.991E-04,  15.46237,  -0.01550,    0.2262358480E+05,    0.1136313295E+05,    0.1175270743E+05,    0.6588971733E+04,    0.1541407534E+06,   -0.3612495556E+06,    0.2782862483E+07,    0.1215304649E+06
  32,0.112E+02,.57735E+00,  3522.881, 0.196E-02, 9.356,0.840,   0.33333,   0.33333,   0.33333,1630.8,0.200E+07,   5.20886,   1.09542,   0.14325,  13.18816,   0.17088,0.229E-03,0.457E+03,0.544E-04,.11586E+04,0.112E-03,  15.43265,  -0.01545,    0.2276690170E+05,    0.1136417502E+05,    0.1173151450E+05,    0.6589292362E+04,    0.1541407534E+06,   -0.3612495556E+06,    0.2454310045E+07,    0.1146277011E+06
  33,0.112E+02,.57735E+00,  3522.881, 0.233E-02, 9.356,0.840,   0.33333,   0.33333,   0.33333,1630.8,0.200E+07,   5.20886,   1.09542,   0.14325,  13.18816,   0.17088,0.258E-03,0.517E+03,0.576E-04,.11603E+04,0.126E-03,  15.39669,  -0.01540,    0.2293800608E+05,    0.1136542167E+05,    0.1170622818E+05,    0.6589674273E+04,    0.1541407534E+06,   -0.3612495556E+06,    0.2163580015E+07,    0.1079339899E+06
  34,0.112E+02,.57735E+00,  3522.881, 0.277E-02, 9.356,0.840,   0.33333,   0.33333,   0.33333,1630.8,0.200E+07,   5.20886,   1.09542,   0.14325,  13.18816,   0.17088,0.292E-03,0.585E+03,0.609E-04,.11623E+04,0.143E-03,  15.35335,  -0.01534,    0.2314240756E+05,    0.1136691455E+05,    0.1167604351E+05,    0.6590129237E+04,    0.1541407534E+06,   -0.3612495556E+06,    0.1906286078E+07,    0.1014499681E+06
  35,0.112E+02,.57735E+00,  3522.881, 0.330E-02, 9.356,0.840,   0.33333,   0.33333,   0.33333,1630.8,0.200E+07,   5.20886,   1.09542,   0.14325,  13.18816,   0.17088,0.331E-03,0.662E+03,0.646E-04,.11646E+04,0.161E-03,  15.30128,  -0.01526,    0.2338670494E+05,    0.1136870402E+05,    0.1163999933E+05,    0.6590671183E+04,    0.1541407534E+06,   -0.3612495556E+06,    0.1678555838E+07,    0.9517447054E+05
  36,0.112E+02,.57735E+00,  3522.881, 0.394E-02, 9.356,0.840,   0.33333,   0.33333,   0.33333,1630.8,0.200E+07,   5.20886,   1.09542,   0.14325,  13.18816,   0.17088,0.374E-03,0.748E+03,0.685E-04,.11674E+04,0.182E-03,  15.23890,  -0.01518,    0.2367879350E+05,    0.1137085103E+05,    0.1159694991E+05,    0.6591316527E+04,    0.1541407534E+06,   -0.3612495556E+06,    0.1476972288E+07,    0.8910461582E+05
  37,0.112E+02,.57735E+00,  3522.881, 0.470E-02, 9.356,0.840,   0.33333,   0.33333,   0.33333,1630.8,0.200E+07,   5.20886,   1.09542,   0.14325,  13.18816,   0.17088,0.423E-03,0.847E+03,0.727E-04,.11706E+04,0.205E-03,  15.16437,  -0.01508,    0.2402810847E+05,    0.1137342945E+05,    0.1154553217E+05,    0.6592084529E+04,    0.1541407534E+06,   -0.3612495556E+06,    0.1298522040E+07,    0.8323591143E+05
  38,0.112E+02,.57735E+00,  3522.881, 0.562E-02, 9.356,0.840,   0.33333,   0.33333,   0.33333,1630.8,0.200E+07,   5.20886,   1.09542,   0.14325,  13.18816,   0.17088,0.479E-03,0.958E+03,0.772E-04,.11745E+04,0.231E-03,  15.07557,  -0.01497,    0.2444591077E+05,    0.1137652890E+05,    0.1148412819E+05,    0.6592997646E+04,    0.1541407534E+06,   -0.3612495556E+06,    0.1140549392E+07,    0.7756238557E+05
  39,0.112E+02,.57735E+00,  3522.881, 0.672E-02, 9.356,0.840,   0.33333,   0.33333,   0.33333,1630.8,0.200E+07,   5.20886,   1.09542,   0.14325,  13.18816,   0.17088,0.542E-03,0.108E+04,0.822E-04,.11791E+04,0.261E-03,  14.97010,  -0.01483,    0.2494562253E+05,    0.1138025838E+05,    0.1141082241E+05,    0.6594081869E+04,    0.1541407534E+06,   -0.3612495556E+06,    0.1000715403E+07,    0.7207675630E+05
  40,0.112E+02,.57735E+00,  3522.881, 0.805E-02, 9.356,0.840,   0.33333,   0.33333,   0.33333,1630.8,0.200E+07,   5.20886,   1.09542,   0.14325,  13.18816,   0.17088,0.613E-03,0.123E+04,0.875E-04,.11846E+04,0.294E-03,  14.84522,  -0.01468,    0.2554322218E+05,    0.1138475078E+05,    0.1132335311E+05,    0.6595367002E+04,    0.1541407534E+06,   -0.3612495556E+06,    0.8769611749E+06,    0.6677065603E+05
  41,0.112E+02,.57735E+00,  3522.881, 0.965E-02, 9.356,0.840,   0.33333,   0.33333,   0.33333,1630.8,0.200E+07,   5.20886,   1.09542,   0.14325,  13.18816,   0.17088,0.693E-03,0.139E+04,0.932E-04,.11910E+04,0.330E-03,  14.69787,  -0.01450,    0.2625771304E+05,    0.1139016876E+05,    0.1121905744E+05,    0.6596886810E+04,    0.1541407534E+06,   -0.3612495556E+06,    0.7674746966E+06,    0.6163493900E+05
  42,0.112E+02,.57735E+00,  3522.881, 0.116E-01, 9.356,0.840,   0.33333,   0.33333,   0.33333,1630.8,0.200E+07,   5.20886,   1.09542,   0.14325,  13.18816,   0.17088,0.784E-03,0.157E+04,0.995E-04,.11985E+04,0.371E-03,  14.52466,  -0.01429,    0.2711168485E+05,    0.1139671242E+05,    0.1109480906E+05,    0.6598678946E+04,    0.1541407534E+06,   -0.3612495556E+06,    0.6706606932E+06,    0.5666011151E+05
  43,0.112E+02,.57735E+00,  3522.881, 0.139E-01, 9.356,0.840,   0.33333,   0.33333,   0.33333,1630.8,0.200E+07,   5.20886,   1.09542,   0.14325,  13.18816,   0.17088,0.887E-03,0.177E+04,0.106E-03,.12074E+04,0.417E-03,  14.32190,  -0.01405,    0.2813199606E+05,    0.1140462958E+05,    0.1094694747E+05,    0.6600784484E+04,    0.1541407534E+06,   -0.3612495556E+06,    0.5851132155E+06,    0.5183693956E+05
  44,0.112E+02,.57735E+00,  3522.881, 0.168E-01, 9.356,0.840,   0.33333,   0.33333,   0.33333,1630.8,0.200E+07,   5.20886,   1.09542,   0.14325,  13.18816,   0.17088,0.100E-02,0.201E+04,0.114E-03,.12177E+04,0.468E-03,  14.08564,  -0.01378,    0.2935061448E+05,    0.1141422982E+05,    0.1077119782E+05,    0.6603246787E+04,    0.1541407534E+06,   -0.3612495556E+06,    0.5095910187E+06,    0.4715730338E+05
  45,0.112E+02,.57735E+00,  3522.881, 0.202E-01, 9.356,0.840,   0.33333,   0.33333,   0.33333,1630.8,0.200E+07,   5.20886,   1.09542,   0.14325,  13.18816,   0.17088,0.113E-02,0.227E+04,0.123E-03,.12297E+04,0.524E-03,  13.81169,  -0.01346,    0.3080566292E+05,    0.1142590405E+05,    0.1056258133E+05,    0.6606109227E+04,    0.1541407534E+06,   -0.3612495556E+06,    0.4429962609E+06,    0.4261537812E+05
  46,0.112E+02,.57735E+00,  3522.881, 0.244E-01, 9.356,0.840,   0.33333,   0.33333,   0.33333,1630.8,0.200E+07,   5.20886,   1.09542,   0.14325,  13.18816,   0.17088,0.128E-02,0.257E+04,0.132E-03,.12435E+04,0.586E-03,  13.49574,  -0.01310,    0.3254271631E+05,    0.1144015214E+05,    0.1031531991E+05,    0.6609410905E+04,    0.1541407534E+06,   -0.3612495556E+06,    0.3843576054E+06,    0.3820921162E+05
  47,0.112E+02,.57735E+00,  3522.881, 0.296E-01, 9.356,0.840,   0.33333,   0.33333,   0.33333,1630.8,0.200E+07,   5.20886,   1.09542,   0.14325,  13.18816,   0.17088,0.145E-02,0.290E+04,0.143E-03,.12595E+04,0.655E-03,  13.13339,  -0.01269,    0.3461636857E+05,    0.1145762251E+05,    0.1002274865E+05,    0.6613178784E+04,    0.1541407534E+06,   -0.3612495556E+06,    0.3328193812E+06,    0.3394272313E+05
  48,0.112E+02,.57735E+00,  3522.881, 0.359E-01, 9.356,0.840,   0.33333,   0.33333,   0.33333,1630.8,0.200E+07,   5.20886,   1.09542,   0.14325,  13.18816,   0.17088,0.164E-02,0.329E+04,0.156E-03,.12779E+04,0.730E-03,  12.72030,  -0.01222,    0.3709199121E+05,    0.1147916903E+05,    0.9677271513E+04,    0.6617413378E+04,    0.1541407534E+06,   -0.3612495556E+06,    0.2876388284E+06,    0.2982802475E+05
  49,0.112E+02,.57735E+00,  3522.881, 0.438E-01, 9.356,0.840,   0.33333,   0.33333,   0.33333,1630.8,0.200E+07,   5.20886,   1.09542,   0.14325,  13.18816,   0.17088,0.186E-02,0.372E+04,0.171E-03,.12989E+04,0.812E-03,  12.25230,  -0.01170,    0.4004736479E+05,    0.1150593223E+05,    0.9270440791E+04,    0.6622062689E+04,    0.1541407534E+06,   -0.3612495556E+06,    0.2481931151E+06,    0.2588773110E+05
  50,0.112E+02,.57735E+00,  3522.881, 0.537E-01, 9.356,0.840,   0.33333,   0.33333,   0.33333,1630.8,0.200E+07,   5.20886,   1.09542,   0.14325,  13.18816,   0.17088,0.210E-02,0.420E+04,0.189E-03,.13227E+04,0.902E-03,  11.72568,  -0.01111,    0.4357335217E+05,    0.1153945328E+05,    0.8793322527E+04,    0.6626975085E+04,    0.1541407534E+06,   -0.3612495556E+06,    0.2139955719E+06,    0.2215654606E+05
  51,0.112E+02,.57735E+00,  3522.881, 0.661E-01, 9.356,0.840,   0.33333,   0.33333,   0.33333,1630.8,0.200E+07,   5.20886,   1.09542,   0.14325,  13.18816,   0.17088,0.238E-02,0.476E+04,0.211E-03,.13495E+04,0.100E-02,  11.13757,  -0.01046,    0.4777184336E+05,    0.1158182743E+05,    0.8237435171E+04,    0.6631815431E+04,    0.1541407534E+06,   -0.3612495556E+06,    0.1847142322E+06,    0.1868095484E+05
  52,0.112E+02,.57735E+00,  3522.881, 0.820E-01, 9.356,0.840,   0.33333,   0.33333,   0.33333,1630.8,0.200E+07,   5.20886,   1.09542,   0.14325,  13.18816,   0.17088,0.269E-02,0.538E+04,0.238E-03,.13795E+04,0.111E-02,  10.48675,  -0.00974,    0.5274781400E+05,    0.1163589537E+05,    0.7596680485E+04,    0.6635920970E+04,    0.1541407534E+06,   -0.3612495556E+06,    0.1601729473E+06,    0.1551554346E+05
  53,0.112E+02,.57735E+00,  3522.881, 0.102E+00, 9.356,0.840,   0.33333,   0.33333,   0.33333,1630.8,0.200E+07,   5.20886,   1.09542,   0.14325,  13.18816,   0.17088,0.304E-02,0.609E+04,0.271E-03,.14126E+04,0.122E-02,   9.77481,  -0.00895,    0.5859111843E+05,    0.1170544891E+05,    0.6870655879E+04,    0.6638069004E+04,    0.1541407534E+06,   -0.3612495556E+06,    0.1402992791E+06,    0.1271482763E+05
  54,0.112E+02,.57735E+00,  3522.881, 0.129E+00, 9.356,0.840,   0.33333,   0.33333,   0.33333,1630.8,0.200E+07,   5.20886,   1.09542,   0.14325,  13.18816,   0.17088,0.344E-02,0.689E+04,0.310E-03,.14483E+04,0.135E-02,   9.00794,  -0.00809,    0.6534468286E+05,    0.1179538775E+05,    0.6069156916E+04,    0.6636141069E+04,    0.1541407534E+06,   -0.3612495556E+06,    0.1249847166E+06,    0.1032111112E+05
  55,0.112E+02,.57735E+00,  3522.881, 0.163E+00, 9.356,0.840,   0.33333,   0.33333,   0.33333,1630.8,0.200E+07,   5.20886,   1.09542,   0.14325,  13.18816,   0.17088,0.389E-02,0.779E+04,0.354E-03,.14859E+04,0.149E-02,   8.19888,  -0.00719,    0.7296257177E+05,    0.1191172035E+05,    0.5216132780E+04,    0.6626719544E+04,    0.1541407534E+06,   -0.3612495556E+06,    0.1138790162E+06,    0.8351785223E+04
  56,0.112E+02,.57735E+00,  3522.881, 0.207E+00, 9.356,0.840,   0.33333,   0.33333,   0.33333,1630.8,0.200E+07,   5.20886,   1.09542,   0.14325,  13.18816,   0.17088,0.441E-02,0.881E+04,0.404E-03,.15241E+04,0.164E-02,   7.36806,  -0.00626,    0.8127440343E+05,    0.1206129986E+05,    0.4349416631E+04,    0.6604747323E+04,    0.1541407534E+06,   -0.3612495556E+06,    0.1062470131E+06,    0.6791888989E+04
  57,0.112E+02,.57735E+00,  3522.881, 0.264E+00, 9.356,0.840,   0.33333,   0.33333,   0.33333,1630.8,0.200E+07,   5.20886,   1.09542,   0.14325,  13.18816,   0.17088,0.498E-02,0.997E+04,0.455E-03,.15617E+04,0.181E-02,   6.54260,  -0.00533,    0.8998070056E+05,    0.1225127849E+05,    0.3512958980E+04,    0.6563461767E+04,    0.1541407534E+06,   -0.3612495556E+06,    0.1010462796E+06,    0.5596645545E+04
  58,0.112E+02,.57735E+00,  3522.881, 0.334E+00, 9.356,0.840,   0.33333,   0.33333,   0.33333,1630.8,0.200E+07,   5.20886,   1.09542,   0.14325,  13.18816,   0.17088,0.564E-02,0.113E+05,0.507E-03,.15970E+04,0.200E-02,   5.75256,  -0.00442,    0.9868897094E+05,    0.1248841869E+05,    0.2743735913E+04,    0.6494773041E+04,    0.1541407534E+06,   -0.3612495556E+06,    0.9721047019E+05,    0.4703260024E+04
  59,0.112E+02,.57735E+00,  3522.881, 0.422E+00, 9.356,0.840,   0.33333,   0.33333,   0.33333,1630.8,0.200E+07,   5.20886,   1.09542,   0.14325,  13.18816,   0.17088,0.638E-02,0.128E+05,0.555E-03,.16288E+04,0.222E-02,   5.02598,  -0.00357,    0.1069688253E+06,    0.1277847222E+05,    0.2062184338E+04,    0.6390082983E+04,    0.1541407534E+06,   -0.3612495556E+06,    0.9390824526E+05,    0.4045719265E+04
  60,0.112E+02,.57735E+00,  3522.881, 0.529E+00, 9.356,0.840,   0.33333,   0.33333,   0.33333,1630.8,0.200E+07,   5.20886,   1.09542,   0.14325,  13.18816,   0.17088,0.721E-02,0.144E+05,0.599E-03,.16560E+04,0.247E-02,   4.38532,  -0.00280,    0.1143961287E+06,    0.1312574684E+05,    0.1473578777E+04,    0.6241393643E+04,    0.1541407534E+06,   -0.3612495556E+06,    0.9059415742E+05,    0.3565802958E+04
  61,0.112E+02,.57735E+00,  3522.881, 0.659E+00, 9.356,0.840,   0.33333,   0.33333,   0.33333,1630.8,0.200E+07,   5.20886,   1.09542,   0.14325,  13.18816,   0.17088,0.816E-02,0.163E+05,0.639E-03,.16778E+04,0.276E-02,   3.84683,  -0.00214,    0.1205858800E+06,    0.1353283785E+05,    0.9774726325E+03,    0.6042542431E+04,    0.1541407534E+06,   -0.3612495556E+06,    0.8690947678E+05,    0.3217610840E+04
  62,0.112E+02,.57735E+00,  3522.881, 0.813E+00, 9.356,0.840,   0.33333,   0.33333,   0.33333,1630.8,0.200E+07,   5.20886,   1.09542,   0.14325,  13.18816,   0.17088,0.923E-02,0.185E+05,0.673E-03,.16937E+04,0.309E-02,   3.42120,  -0.00158,    0.1252373424E+06,    0.1400045636E+05,    0.5753175012E+03,    0.5790411263E+04,    0.1541407534E+06,   -0.3612495556E+06,    0.8259760588E+05,    0.2967040389E+04
  63,0.112E+02,.57735E+00,  3522.881, 0.995E+00, 9.356,0.840,   0.33333,   0.33333,   0.33333,1630.8,0.200E+07,   5.20886,   1.09542,   0.14325,  13.18816,   0.17088,0.104E-01,0.209E+05,0.704E-03,.17036E+04,0.348E-02,   3.11342,  -0.00113,    0.1281978154E+06,    0.1452733521E+05,    0.2703940432E+03,    0.5485878439E+04,    0.1541407534E+06,   -0.3612495556E+06,    0.7750211110E+05,    0.2788992165E+04
  64,0.112E+02,.57735E+00,  3522.881, 0.121E+01, 9.356,0.840,   0.33333,   0.33333,   0.33333,1630.8,0.200E+07,   5.20886,   1.09542,   0.14325,  13.18816,   0.17088,0.118E-01,0.236E+05,0.731E-03,.17080E+04,0.393E-02,   2.92146,  -0.00081,    0.1295184087E+06,    0.1511025960E+05,    0.6256013118E+02,    0.5134193366E+04,    0.1541407534E+06,   -0.3612495556E+06,    0.7160551870E+05,    0.2664287126E+04
  65,0.112E+02,.57735E+00,  3522.881, 0.146E+01, 9.356,0.840,   0.33333,   0.33333,   0.33333,1630.8,0.200E+07,   5.20886,   1.09542,   0.14325,  13.18816,   0.17088,0.134E-01,0.267E+05,0.756E-03,.17080E+04,0.444E-02,   2.83461,  -0.00059,    0.1294663288E+06,    0.1574429750E+05,   -0.5635998869E+02,    0.4744499148E+04,    0.1541407534E+06,   -0.3612495556E+06,    0.6505126315E+05,    0.2577136957E+04
  66,0.112E+02,.57735E+00,  3522.881, 0.175E+01, 9.356,0.840,   0.33333,   0.33333,   0.33333,1630.8,0.200E+07,   5.20886,   1.09542,   0.14325,  13.18816,   0.17088,0.151E-01,0.302E+05,0.779E-03,.17048E+04,0.503E-02,   2.83312,  -0.00046,    0.1284779854E+06,    0.1642325626E+05,   -0.1032103692E+03,    0.4328459544E+04,    0.1541407534E+06,   -0.3612495556E+06,    0.5812440480E+05,    0.2513457495E+04
  67,0.112E+02,.57735E+00,  3522.881, 0.209E+01, 9.356,0.840,   0.33333,   0.33333,   0.33333,1630.8,0.200E+07,   5.20886,   1.09542,   0.14325,  13.18816,   0.17088,0.171E-01,0.342E+05,0.803E-03,.17002E+04,0.571E-02,   2.88968,  -0.00038,    0.1270650554E+06,    0.1714024846E+05,   -0.1003983815E+03,    0.3898300675E+04,    0.1541407534E+06,   -0.3612495556E+06,    0.5119295153E+05,    0.2460249453E+04
  68,0.112E+02,.57735E+00,  3522.881, 0.249E+01, 9.356,0.840,   0.33333,   0.33333,   0.33333,1630.8,0.200E+07,   5.20886,   1.09542,   0.14325,  13.18816,   0.17088,0.193E-01,0.387E+05,0.827E-03,.16957E+04,0.648E-02,   2.97313,  -0.00032,    0.1257044117E+06,    0.1788808571E+05,   -0.7104395968E+02,    0.3464880256E+04,    0.1541407534E+06,   -0.3612495556E+06,    0.4462534620E+05,    0.2406172014E+04
  69,0.112E+02,.57735E+00,  3522.881, 0.295E+01, 9.356,0.840,   0.33333,   0.33333,   0.33333,1630.8,0.200E+07,   5.20886,   1.09542,   0.14325,  13.18816,   0.17088,0.219E-01,0.438E+05,0.854E-03,.16926E+04,0.734E-02,   3.05380,  -0.00024,    0.1247463433E+06,    0.1865917648E+05,   -0.3446236602E+02,    0.3036448113E+04,    0.1541407534E+06,   -0.3612495556E+06,    0.3870898181E+05,    0.2342971333E+04
  70,0.112E+02,.57735E+00,  3522.881, 0.350E+01, 9.356,0.840,   0.33333,   0.33333,   0.33333,1630.8,0.200E+07,   5.20886,   1.09542,   0.14325,  13.18816,   0.17088,0.248E-01,0.495E+05,0.885E-03,.16914E+04,0.831E-02,   3.10895,  -0.00013,    0.1243656716E+06,    0.1944477984E+05,   -0.3381001447E+01,    0.2618508236E+04,    0.1541407534E+06,   -0.3612495556E+06,    0.3359661074E+05,    0.2266803664E+04
  71,0.112E+02,.57735E+00,  3522.881, 0.413E+01, 9.356,0.840,   0.33333,   0.33333,   0.33333,1630.8,0.200E+07,   5.20886,   1.09542,   0.14325,  13.18816,   0.17088,0.280E-01,0.560E+05,0.920E-03,.16921E+04,0.939E-02,   3.12666,   0.00004,    0.1245644157E+06,    0.2023380486E+05,    0.1658103311E+02,    0.2214774527E+04,    0.1541407534E+06,   -0.3612495556E+06,    0.2929817486E+05,    0.2178371456E+04
  72,0.112E+02,.57735E+00,  3522.881, 0.489E+01, 9.356,0.840,   0.33333,   0.33333,   0.33333,1630.8,0.200E+07,   5.20886,   1.09542,   0.14325,  13.18816,   0.17088,0.317E-01,0.634E+05,0.959E-03,.16943E+04,0.106E-01,   3.10641,   0.00026,    0.1252186011E+06,    0.2101168332E+05,    0.2544211149E+02,    0.1828795037E+04,    0.1541407534E+06,   -0.3612495556E+06,    0.2571703372E+05,    0.2081547868E+04
  73,0.112E+02,.57735E+00,  3522.881, 0.578E+01, 9.356,0.840,   0.33333,   0.33333,   0.33333,1630.8,0.200E+07,   5.20886,   1.09542,   0.14325,  13.18816,   0.17088,0.358E-01,0.717E+05,0.100E-02,.16974E+04,0.120E-01,   3.05627,   0.00053,    0.1261478696E+06,    0.2176001180E+05,    0.2629565211E+02,    0.1465504113E+04,    0.1541407534E+06,   -0.3612495556E+06,    0.2270955007E+05,    0.1981235887E+04
  74,0.112E+02,.57735E+00,  3522.881, 0.683E+01, 9.356,0.840,   0.33333,   0.33333,   0.33333,1630.8,0.200E+07,   5.20886,   1.09542,   0.14325,  13.18816,   0.17088,0.405E-01,0.811E+05,0.105E-02,.17009E+04,0.135E-01,   2.98809,   0.00084,    0.1271794114E+06,    0.2245754589E+05,    0.2284220989E+02,    0.1131893217E+04,    0.1541407534E+06,   -0.3612495556E+06,    0.2013815508E+05,    0.1881606462E+04
  75,0.112E+02,.57735E+00,  3522.881, 0.808E+01, 9.356,0.840,   0.33333,   0.33333,   0.33333,1630.8,0.200E+07,   5.20886,   1.09542,   0.14325,  13.18816,   0.17088,0.459E-01,0.917E+05,0.110E-02,.17042E+04,0.153E-01,   2.91309,   0.00117,    0.1281847242E+06,    0.2308272106E+05,    0.1790901471E+02,    0.8363304311E+03,    0.1541407534E+06,   -0.3612495556E+06,    0.1789824093E+05,    0.1785340346E+04
  76,0.112E+02,.57735E+00,  3522.881, 0.956E+01, 9.356,0.840,   0.33333,   0.33333,   0.33333,1630.8,0.200E+07,   5.20886,   1.09542,   0.14325,  13.18816,   0.17088,0.519E-01,0.104E+06,0.115E-02,.17072E+04,0.172E-01,   2.83940,   0.00152,    0.1290866319E+06,    0.2361730246E+05,    0.1310197826E+02,    0.5867124407E+03,    0.1541407534E+06,   -0.3612495556E+06,    0.1591967460E+05,    0.1693724172E+04
  77,0.112E+02,.57735E+00,  3522.881, 0.113E+02, 9.356,0.840,   0.33333,   0.33333,   0.33333,1630.8,0.200E+07,   5.20886,   1.09542,   0.14325,  13.18816,   0.17088,0.587E-01,0.117E+06,0.121E-02,.17097E+04,0.195E-01,   2.77171,   0.00189,    0.1298498166E+06,    0.2405024724E+05,    0.9113696784E+01,    0.3882027564E+03,    0.1541407534E+06,   -0.3612495556E+06,    0.1415661902E+05,    0.1607094414E+04
  78,0.112E+02,.57735E+00,  3522.881, 0.134E+02, 9.356,0.840,   0.33333,   0.33333,   0.33333,1630.8,0.200E+07,   5.20886,   1.09542,   0.14325,  13.18816,   0.17088,0.664E-01,0.133E+06,0.127E-02,.17117E+04,0.220E-01,   2.71199,   0.00226,    0.1304693030E+06,    0.2438058234E+05,    0.6134528326E+01,    0.2414693698E+03,    0.1541407534E+06,   -0.3612495556E+06,    0.1257774336E+05,    0.1525246111E+04
  79,0.112E+02,.57735E+00,  3522.881, 0.159E+02, 9.356,0.840,   0.33333,   0.33333,   0.33333,1630.8,0.200E+07,   5.20886,   1.09542,   0.14325,  13.18816,   0.17088,0.751E-01,0.150E+06,0.133E-02,.17133E+04,0.249E-01,   2.66032,   0.00265,    0.1309623648E+06,    0.2461817719E+05,    0.4113065340E+01,    0.1421061776E+03,    0.1541407534E+06,   -0.3612495556E+06,    0.1116066239E+05,    0.1447695795E+04
  80,0.112E+02,.57735E+00,  3522.881, 0.188E+02, 9.356,0.840,   0.33333,   0.33333,   0.33333,1630.8,0.200E+07,   5.20886,   1.09542,   0.14325,  13.18816,   0.17088,0.849E-01,0.170E+06,0.140E-02,.17146E+04,0.281E-01,   2.61543,   0.00306,    0.1313620064E+06,    0.2478182217E+05,    0.2879629505E+01,    0.8149477949E+02,    0.1541407534E+06,   -0.3612495556E+06,    0.9889089731E+04,    0.1373845101E+04
  81,0.112E+02,.57735E+00,  3522.881, 0.224E+02, 9.356,0.840,   0.33333,   0.33333,   0.33333,1630.8,0.200E+07,   5.20886,   1.09542,   0.14325,  13.18816,   0.17088,0.961E-01,0.192E+06,0.147E-02,.17158E+04,0.318E-01,   2.57510,   0.00348,    0.1317095216E+06,    0.2489499757E+05,    0.2215262212E+01,    0.4884845512E+02,    0.1541407534E+06,   -0.3612495556E+06,    0.8750686952E+04,    0.1303102196E+04
  82,0.112E+02,.57735E+00,  3522.881, 0.265E+02, 9.356,0.840,   0.33333,   0.33333,   0.33333,1630.8,0.200E+07,   5.20886,   1.09542,   0.14325,  13.18816,   0.17088,0.109E+00,0.217E+06,0.155E-02,.17169E+04,0.359E-01,   2.53667,   0.00393,    0.1320465181E+06,    0.2498079286E+05,    0.1906753152E+01,    0.3368866288E+02,    0.1541407534E+06,   -0.3612495556E+06,    0.7735016798E+04,    0.1234973756E+04
  83,0.112E+02,.57735E+00,  3522.881, 0.315E+02, 9.356,0.840,   0.33333,   0.33333,   0.33333,1630.8,0.200E+07,   5.20886,   1.09542,   0.14325,  13.18816,   0.17088,0.123E+00,0.246E+06,0.164E-02,.17180E+04,0.406E-01,   2.49747,   0.00441,    0.1324088621E+06,    0.2505793853E+05,    0.1786722867E+01,    0.2779050846E+02,    0.1541407534E+06,   -0.3612495556E+06,    0.6831982888E+04,    0.1169113350E+04
  84,0.112E+02,.57735E+00,  3522.881, 0.375E+02, 9.356,0.840,   0.33333,   0.33333,   0.33333,1630.8,0.200E+07,   5.20886,   1.09542,   0.14325,  13.18816,   0.17088,0.139E+00,0.278E+06,0.173E-02,.17194E+04,0.459E-01,   2.45520,   0.00493,    0.1328245769E+06,    0.2513931982E+05,    0.1748911699E+01,    0.2593250981E+02,    0.1541407534E+06,   -0.3612495556E+06,    0.6031172977E+04,    0.1105318326E+04
  85,0.112E+02,.57735E+00,  3522.881, 0.446E+02, 9.356,0.840,   0.33333,   0.33333,   0.33333,1630.8,0.200E+07,   5.20886,   1.09542,   0.14325,  13.18816,   0.17088,0.157E+00,0.315E+06,0.183E-02,.17210E+04,0.519E-01,   2.40808,   0.00548,    0.1333156042E+06,    0.2523291854E+05,    0.1739654314E+01,    0.2547761222E+02,    0.1541407534E+06,   -0.3612495556E+06,    0.5322035856E+04,    0.1043489265E+04
  86,0.112E+02,.57735E+00,  3522.881, 0.531E+02, 9.356,0.840,   0.33333,   0.33333,   0.33333,1630.8,0.200E+07,   5.20886,   1.09542,   0.14325,  13.18816,   0.17088,0.178E+00,0.356E+06,0.193E-02,.17228E+04,0.586E-01,   2.35470,   0.00608,    0.1339014686E+06,    0.2534392659E+05,    0.1737976830E+01,    0.2539518253E+02,    0.1541407534E+06,   -0.3612495556E+06,    0.4694412279E+04,    0.9835798394E+03
  87,0.112E+02,.57735E+00,  3522.881, 0.633E+02, 9.356,0.840,   0.33333,   0.33333,   0.33333,1630.8,0.200E+07,   5.20886,   1.09542,   0.14325,  13.18816,   0.17088,0.201E+00,0.403E+06,0.204E-02,.17251E+04,0.663E-01,   2.29381,   0.00673,    0.1346027226E+06,    0.2547667023E+05,    0.1737764636E+01,    0.2538475555E+02,    0.1541407534E+06,   -0.3612495556E+06,    0.4138957806E+04,    0.9255592652E+03
  88,0.112E+02,.57735E+00,  3522.881, 0.756E+02, 9.356,0.840,   0.33333,   0.33333,   0.33333,1630.8,0.200E+07,   5.20886,   1.09542,   0.14325,  13.18816,   0.17088,0.228E+00,0.455E+06,0.216E-02,.17278E+04,0.748E-01,   2.22413,   0.00743,    0.1354432825E+06,    0.2563576684E+05,    0.1737747166E+01,    0.2538389711E+02,    0.1541407534E+06,   -0.3612495556E+06,    0.3647301551E+04,    0.8693932989E+03
  89,0.112E+02,.57735E+00,  3522.881, 0.902E+02, 9.356,0.840,   0.33333,   0.33333,   0.33333,1630.8,0.200E+07,   5.20886,   1.09542,   0.14325,  13.18816,   0.17088,0.258E+00,0.515E+06,0.230E-02,.17310E+04,0.845E-01,   2.14422,   0.00819,    0.1364519380E+06,    0.2582667823E+05,    0.1737746306E+01,    0.2538385483E+02,    0.1541407534E+06,   -0.3612495556E+06,    0.3212022755E+04,    0.8150381810E+03
  90,0.112E+02,.57735E+00,  3522.881, 0.108E+03, 9.356,0.840,   0.33333,   0.33333,   0.33333,1630.8,0.200E+07,   5.20886,   1.09542,   0.14325,  13.18816,   0.17088,0.291E+00,0.583E+06,0.244E-02,.17348E+04,0.954E-01,   2.05240,   0.00901,    0.1376636254E+06,    0.2605601804E+05,    0.1737746283E+01,    0.2538385370E+02,    0.1541407534E+06,   -0.3612495556E+06,    0.2826561898E+04,    0.7624404108E+03
  91,0.112E+02,.57735E+00,  3522.881, 0.129E+03, 9.356,0.840,   0.33333,   0.33333,   0.33333,1630.8,0.200E+07,   5.20886,   1.09542,   0.14325,  13.18816,   0.17088,0.330E+00,0.659E+06,0.259E-02,.17393E+04,0.108E+00,   1.94667,   0.00990,    0.1391208466E+06,    0.2633183078E+05,    0.1737746282E+01,    0.2538385369E+02,    0.1541407534E+06,   -0.3612495556E+06,    0.2485125013E+04,    0.7115384657E+03
  92,0.112E+02,.57735E+00,  3522.881, 0.155E+03, 9.356,0.840,   0.33333,   0.33333,   0.33333,1630.8,0.200E+07,   5.20886,   1.09542,   0.14325,  13.18816,   0.17088,0.373E+00,0.746E+06,0.276E-02,.17448E+04,0.121E+00,   1.82475,   0.01087,    0.1408754088E+06,    0.2666392217E+05,    0.1737746282E+01,    0.2538385369E+02,    0.1541407534E+06,   -0.3612495556E+06,    0.2182596616E+04,    0.6622652374E+03
  93,0.112E+02,.57735E+00,  3522.881, 0.185E+03, 9.356,0.840,   0.33333,   0.33333,   0.33333,1630.8,0.200E+07,   5.20886,   1.09542,   0.14325,  13.18816,   0.17088,0.422E+00,0.844E+06,0.294E-02,.17513E+04,0.137E+00,   1.68392,   0.01193,    0.1429906019E+06,    0.2706427127E+05,    0.1737746282E+01,    0.2538385369E+02,    0.1541407534E+06,   -0.3612495556E+06,    0.1914462573E+04,    0.6145509832E+03
  94,0.112E+02,.57735E+00,  3522.881, 0.222E+03, 9.356,0.840,   0.33333,   0.33333,   0.33333,1630.8,0.200E+07,   5.20886,   1.09542,   0.14325,  13.18816,   0.17088,0.477E+00,0.954E+06,0.314E-02,.17590E+04,0.154E+00,   1.52106,   0.01308,    0.1455439432E+06,    0.2754755003E+05,    0.1737746282E+01,    0.2538385369E+02,    0.1541407534E+06,   -0.3612495556E+06,    0.1676741860E+04,    0.5683268164E+03
  95,0.112E+02,.57735E+00,  3522.881, 0.267E+03, 9.356,0.840,   0.33333,   0.33333,   0.33333,1630.8,0.200E+07,   5.20886,   1.09542,   0.14325,  13.18816,   0.17088,0.540E+00,0.108E+07,0.335E-02,.17682E+04,0.173E+00,   1.33253,   0.01435,    0.1486306671E+06,    0.2813178377E+05,    0.1737746282E+01,    0.2538385369E+02,    0.1541407534E+06,   -0.3612495556E+06,    0.1465925964E+04,    0.5235287621E+03
  96,0.112E+02,.57735E+00,  3522.881, 0.322E+03, 9.356,0.840,   0.33333,   0.33333,   0.33333,1630.8,0.200E+07,   5.20886,   1.09542,   0.14325,  13.18816,   0.17088,0.611E+00,0.122E+07,0.359E-02,.17792E+04,0.195E+00,   1.11416,   0.01574,    0.1523682036E+06,    0.2883919881E+05,    0.1737746282E+01,    0.2538385369E+02,    0.1541407534E+06,   -0.3612495556E+06,    0.1278924707E+04,    0.4801023557E+03
  97,0.112E+02,.57735E+00,  3522.881, 0.388E+03, 9.356,0.840,   0.33333,   0.33333,   0.33333,1630.8,0.200E+07,   5.20886,   1.09542,   0.14325,  13.18816,   0.17088,0.691E+00,0.138E+07,0.385E-02,.17923E+04,0.219E+00,   0.86115,   0.01727,    0.1569019899E+06,    0.2969732249E+05,    0.1737746282E+01,    0.2538385369E+02,    0.1541407534E+06,   -0.3612495556E+06,    0.1113017264E+04,    0.4380076744E+03
  98,0.112E+02,.57735E+00,  3522.881, 0.468E+03, 9.356,0.840,   0.33333,   0.33333,   0.33333,1630.8,0.200E+07,   5.20886,   1.09542,   0.14325,  13.18816,   0.17088,0.781E+00,0.156E+07,0.414E-02,.18078E+04,0.245E+00,   0.56807,   0.01897,    0.1624131143E+06,    0.3074042997E+05,    0.1737746282E+01,    0.2538385369E+02,    0.1541407534E+06,   -0.3612495556E+06,    0.9658071192E+03,    0.3972245601E+03
  99,0.112E+02,.57735E+00,  3522.881, 0.566E+03, 9.356,0.840,   0.33333,   0.33333,   0.33333,1630.8,0.200E+07,   5.20886,   1.09542,   0.14325,  13.18816,   0.17088,0.884E+00,0.177E+07,0.446E-02,.18261E+04,0.275E+00,   0.22878,   0.02087,    0.1691285286E+06,    0.3201147709E+05,    0.1737746282E+01,    0.2538385369E+02,    0.1541407534E+06,   -0.3612495556E+06,    0.8351796836E+03,    0.3577576393E+03
 100,0.112E+02,.57735E+00,  3522.881, 0.685E+03, 9.356,0.840,   0.33333,   0.33333,   0.33333,1630.8,0.200E+07,   5.20886,   1.09542,   0.14325,  13.18816,   0.17088,0.100E+01,0.200E+07,0.481E-02,.18478E+04,0.302-313,  -0.16361,   0.02299,    0.1773349411E+06,    0.3356473004E+05,    0.1737746282E+01,    0.2538385369E+02,    0.1541407534E+06,   -0.3612495556E+06,    0.0000000000E+00,    0.2159280309-316
