N,Gp,mu,R(J/(K*g)),tau,g(m/s^2),beta,Betav1,Betav2,Betav3,T_irr,P_H(Pa),Gv1,Gv2,Gv3,Gamma1,Gamma2,sigma,P(Pa),Kappa,T,rho,pkpt,pkpr,J1,J2,H1,H2
   1,0.139E+02,0.577E+00,  3522.881, 0.119E-04, 9.356,0.840,     0.333,     0.333,     0.333,1115.2,0.100E+10,   0.94808,   0.30155,   0.06702,  16.42065,   0.16863,0.100E-07,0.100E+02,0.111E-04,.69274E+03,0.410E-05,  32.00164,  -0.03304,    0.3288333593E+04,    0.3901155187E+04,    0.1820808453E+04,    0.2209717989E+04
   2,0.139E+02,0.577E+00,  3522.881, 0.145E-04, 9.356,0.840,     0.333,     0.333,     0.333,1115.2,0.100E+10,   0.94808,   0.30155,   0.06702,  16.42065,   0.16863,0.120E-07,0.120E+02,0.118E-04,.69275E+03,0.494E-05,  32.00222,  -0.03304,    0.3288564725E+04,    0.3901158065E+04,    0.1820799159E+04,    0.2209719395E+04
   3,0.139E+02,0.577E+00,  3522.881, 0.179E-04, 9.356,0.840,     0.333,     0.333,     0.333,1115.2,0.100E+10,   0.94808,   0.30155,   0.06702,  16.42065,   0.16863,0.145E-07,0.145E+02,0.132E-04,.69277E+03,0.594E-05,  32.00775,  -0.03303,    0.3288876768E+04,    0.3901161951E+04,    0.1820786611E+04,    0.2209721292E+04
   4,0.139E+02,0.577E+00,  3522.881, 0.226E-04, 9.356,0.840,     0.333,     0.333,     0.333,1115.2,0.100E+10,   0.94808,   0.30155,   0.06702,  16.42065,   0.16863,0.175E-07,0.175E+02,0.148E-04,.69279E+03,0.716E-05,  32.01305,  -0.03303,    0.3289298051E+04,    0.3901167197E+04,    0.1820769670E+04,    0.2209723854E+04
   5,0.139E+02,0.577E+00,  3522.881, 0.290E-04, 9.356,0.840,     0.333,     0.333,     0.333,1115.2,0.100E+10,   0.94808,   0.30155,   0.06702,  16.42065,   0.16863,0.210E-07,0.210E+02,0.166E-04,.69281E+03,0.862E-05,  32.01806,  -0.03302,    0.3289866826E+04,    0.3901174279E+04,    0.1820746799E+04,    0.2209727313E+04
   6,0.139E+02,0.577E+00,  3522.881, 0.375E-04, 9.356,0.840,     0.333,     0.333,     0.333,1115.2,0.100E+10,   0.94808,   0.30155,   0.06702,  16.42065,   0.16863,0.254E-07,0.254E+02,0.186E-04,.69285E+03,0.104E-04,  32.02269,  -0.03302,    0.3290634746E+04,    0.3901183842E+04,    0.1820715920E+04,    0.2209731983E+04
   7,0.139E+02,0.577E+00,  3522.881, 0.491E-04, 9.356,0.840,     0.333,     0.333,     0.333,1115.2,0.100E+10,   0.94808,   0.30155,   0.06702,  16.42065,   0.16863,0.305E-07,0.305E+02,0.208E-04,.69290E+03,0.125E-04,  32.02680,  -0.03301,    0.3291671563E+04,    0.3901196753E+04,    0.1820674227E+04,    0.2209738287E+04
   8,0.139E+02,0.577E+00,  3522.881, 0.647E-04, 9.356,0.840,     0.333,     0.333,     0.333,1115.2,0.100E+10,   0.94808,   0.30155,   0.06702,  16.42065,   0.16863,0.368E-07,0.368E+02,0.234E-04,.69297E+03,0.151E-04,  32.03025,  -0.03299,    0.3293071485E+04,    0.3901214187E+04,    0.1820617933E+04,    0.2209746799E+04
   9,0.139E+02,0.577E+00,  3522.881, 0.858E-04, 9.356,0.840,     0.333,     0.333,     0.333,1115.2,0.100E+10,   0.94808,   0.30155,   0.06702,  16.42065,   0.16863,0.443E-07,0.443E+02,0.262E-04,.69306E+03,0.181E-04,  32.03280,  -0.03298,    0.3294961761E+04,    0.3901237727E+04,    0.1820541921E+04,    0.2209758293E+04
  10,0.139E+02,0.577E+00,  3522.881, 0.114E-03, 9.356,0.840,     0.333,     0.333,     0.333,1115.2,0.100E+10,   0.94808,   0.30155,   0.06702,  16.42065,   0.16863,0.534E-07,0.534E+02,0.294E-04,.69319E+03,0.219E-04,  32.03415,  -0.03296,    0.3297514303E+04,    0.3901269517E+04,    0.1820439278E+04,    0.2209773811E+04
  11,0.139E+02,0.577E+00,  3522.881, 0.153E-03, 9.356,0.840,     0.333,     0.333,     0.333,1115.2,0.100E+10,   0.94808,   0.30155,   0.06702,  16.42065,   0.16863,0.643E-07,0.643E+02,0.329E-04,.69336E+03,0.263E-04,  32.03391,  -0.03294,    0.3300961411E+04,    0.3901312452E+04,    0.1820300662E+04,    0.2209794767E+04
  12,0.139E+02,0.577E+00,  3522.881, 0.205E-03, 9.356,0.840,     0.333,     0.333,     0.333,1115.2,0.100E+10,   0.94808,   0.30155,   0.06702,  16.42065,   0.16863,0.774E-07,0.774E+02,0.369E-04,.69359E+03,0.317E-04,  32.03153,  -0.03291,    0.3305617079E+04,    0.3901370445E+04,    0.1820113445E+04,    0.2209823065E+04
  13,0.139E+02,0.577E+00,  3522.881, 0.275E-03, 9.356,0.840,     0.333,     0.333,     0.333,1115.2,0.100E+10,   0.94808,   0.30155,   0.06702,  16.42065,   0.16863,0.933E-07,0.933E+02,0.414E-04,.69389E+03,0.382E-04,  32.02630,  -0.03288,    0.3311905890E+04,    0.3901448793E+04,    0.1819860553E+04,    0.2209861284E+04
  14,0.139E+02,0.577E+00,  3522.881, 0.369E-03, 9.356,0.840,     0.333,     0.333,     0.333,1115.2,0.100E+10,   0.94808,   0.30155,   0.06702,  16.42065,   0.16863,0.112E-06,0.112E+03,0.465E-04,.69431E+03,0.459E-04,  32.01723,  -0.03284,    0.3320402245E+04,    0.3901554661E+04,    0.1819518886E+04,    0.2209912906E+04
  15,0.139E+02,0.577E+00,  3522.881, 0.497E-03, 9.356,0.840,     0.333,     0.333,     0.333,1115.2,0.100E+10,   0.94808,   0.30155,   0.06702,  16.42065,   0.16863,0.135E-06,0.135E+03,0.522E-04,.69487E+03,0.553E-04,  32.00302,  -0.03279,    0.3331883742E+04,    0.3901697762E+04,    0.1819057169E+04,    0.2209982643E+04
  16,0.139E+02,0.577E+00,  3522.881, 0.671E-03, 9.356,0.840,     0.333,     0.333,     0.333,1115.2,0.100E+10,   0.94808,   0.30155,   0.06702,  16.42065,   0.16863,0.163E-06,0.163E+03,0.585E-04,.69562E+03,0.665E-04,  31.98193,  -0.03272,    0.3347403929E+04,    0.3901891263E+04,    0.1818433028E+04,    0.2210076869E+04
  17,0.139E+02,0.577E+00,  3522.881, 0.905E-03, 9.356,0.840,     0.333,     0.333,     0.333,1115.2,0.100E+10,   0.94808,   0.30155,   0.06702,  16.42065,   0.16863,0.196E-06,0.196E+03,0.658E-04,.69664E+03,0.800E-04,  31.95162,  -0.03265,    0.3368391771E+04,    0.3902153053E+04,    0.1817588983E+04,    0.2210204214E+04
  18,0.139E+02,0.577E+00,  3522.881, 0.122E-02, 9.356,0.840,     0.333,     0.333,     0.333,1115.2,0.100E+10,   0.94808,   0.30155,   0.06702,  16.42065,   0.16863,0.236E-06,0.236E+03,0.739E-04,.69801E+03,0.962E-04,  31.90896,  -0.03255,    0.3396788094E+04,    0.3902507470E+04,    0.1816446958E+04,    0.2210376373E+04
  19,0.139E+02,0.577E+00,  3522.881, 0.165E-02, 9.356,0.840,     0.333,     0.333,     0.333,1115.2,0.100E+10,   0.94808,   0.30155,   0.06702,  16.42065,   0.16863,0.285E-06,0.285E+03,0.831E-04,.69985E+03,0.116E-03,  31.84982,  -0.03243,    0.3435233488E+04,    0.3902987708E+04,    0.1814900710E+04,    0.2210609202E+04
  20,0.139E+02,0.577E+00,  3522.881, 0.223E-02, 9.356,0.840,     0.333,     0.333,     0.333,1115.2,0.100E+10,   0.94808,   0.30155,   0.06702,  16.42065,   0.16863,0.343E-06,0.343E+03,0.936E-04,.70231E+03,0.139E-03,  31.76870,  -0.03228,    0.3487328353E+04,    0.3903639182E+04,    0.1812805349E+04,    0.2210924227E+04
  21,0.139E+02,0.577E+00,  3522.881, 0.303E-02, 9.356,0.840,     0.333,     0.333,     0.333,1115.2,0.100E+10,   0.94808,   0.30155,   0.06702,  16.42065,   0.16863,0.413E-06,0.413E+03,0.106E-03,.70562E+03,0.166E-03,  31.65843,  -0.03209,    0.3557994662E+04,    0.3904524254E+04,    0.1809962747E+04,    0.2211350696E+04
  22,0.139E+02,0.577E+00,  3522.881, 0.410E-02, 9.356,0.840,     0.333,     0.333,     0.333,1115.2,0.100E+10,   0.94808,   0.30155,   0.06702,  16.42065,   0.16863,0.498E-06,0.498E+03,0.119E-03,.71004E+03,0.199E-03,  31.50964,  -0.03185,    0.3653981995E+04,    0.3905728966E+04,    0.1806101111E+04,    0.2211928385E+04
  23,0.139E+02,0.577E+00,  3522.881, 0.557E-02, 9.356,0.840,     0.333,     0.333,     0.333,1115.2,0.100E+10,   0.94808,   0.30155,   0.06702,  16.42065,   0.16863,0.599E-06,0.599E+03,0.135E-03,.71592E+03,0.238E-03,  31.31036,  -0.03155,    0.3784578880E+04,    0.3907372700E+04,    0.1800846222E+04,    0.2212711414E+04
  24,0.139E+02,0.577E+00,  3522.881, 0.758E-02, 9.356,0.840,     0.333,     0.333,     0.333,1115.2,0.100E+10,   0.94808,   0.30155,   0.06702,  16.42065,   0.16863,0.722E-06,0.722E+03,0.153E-03,.72372E+03,0.283E-03,  31.04552,  -0.03116,    0.3962615967E+04,    0.3909622210E+04,    0.1793680801E+04,    0.2213773366E+04
  25,0.139E+02,0.577E+00,  3522.881, 0.103E-01, 9.356,0.840,     0.333,     0.333,     0.333,1115.2,0.100E+10,   0.94808,   0.30155,   0.06702,  16.42065,   0.16863,0.870E-06,0.870E+03,0.175E-03,.73398E+03,0.336E-03,  30.69668,  -0.03067,    0.4205880152E+04,    0.3912712184E+04,    0.1783887089E+04,    0.2215214016E+04
  26,0.139E+02,0.577E+00,  3522.881, 0.141E-01, 9.356,0.840,     0.333,     0.333,     0.333,1115.2,0.100E+10,   0.94808,   0.30155,   0.06702,  16.42065,   0.16863,0.105E-05,0.105E+04,0.200E-03,.74737E+03,0.398E-03,  30.24201,  -0.03005,    0.4539094047E+04,    0.3916975619E+04,    0.1770466161E+04,    0.2217167729E+04
  27,0.139E+02,0.577E+00,  3522.881, 0.194E-01, 9.356,0.840,     0.333,     0.333,     0.333,1115.2,0.100E+10,   0.94808,   0.30155,   0.06702,  16.42065,   0.16863,0.126E-05,0.126E+04,0.230E-03,.76465E+03,0.468E-03,  29.65702,  -0.02926,    0.4996636692E+04,    0.3922888915E+04,    0.1752026404E+04,    0.2219812902E+04
  28,0.139E+02,0.577E+00,  3522.881, 0.268E-01, 9.356,0.840,     0.333,     0.333,     0.333,1115.2,0.100E+10,   0.94808,   0.30155,   0.06702,  16.42065,   0.16863,0.152E-05,0.152E+04,0.266E-03,.78668E+03,0.548E-03,  28.91619,  -0.02828,    0.5626145659E+04,    0.3931138796E+04,    0.1726634544E+04,    0.2223379894E+04
  29,0.139E+02,0.577E+00,  3522.881, 0.371E-01, 9.356,0.840,     0.333,     0.333,     0.333,1115.2,0.100E+10,   0.94808,   0.30155,   0.06702,  16.42065,   0.16863,0.183E-05,0.183E+04,0.311E-03,.81436E+03,0.638E-03,  27.99584,  -0.02708,    0.6496272675E+04,    0.3942765955E+04,    0.1691495016E+04,    0.2228168445E+04
  30,0.139E+02,0.577E+00,  3522.881, 0.489E-01, 9.356,0.840,     0.333,     0.333,     0.333,1115.2,0.100E+10,   0.94808,   0.30155,   0.06702,  16.42065,   0.16863,0.221E-05,0.221E+04,0.295E-03,.84234E+03,0.743E-03,  26.74848,  -0.02582,    0.7470564531E+04,    0.3956105068E+04,    0.1652089086E+04,    0.2233327794E+04
  31,0.139E+02,0.577E+00,  3522.881, 0.626E-01, 9.356,0.840,     0.333,     0.333,     0.333,1115.2,0.100E+10,   0.94808,   0.30155,   0.06702,  16.42065,   0.16863,0.266E-05,0.266E+04,0.284E-03,.87090E+03,0.866E-03,  25.66818,  -0.02476,    0.8570246353E+04,    0.3971585903E+04,    0.1607532947E+04,    0.2238882789E+04
  32,0.139E+02,0.577E+00,  3522.881, 0.786E-01, 9.356,0.840,     0.333,     0.333,     0.333,1115.2,0.100E+10,   0.94808,   0.30155,   0.06702,  16.42065,   0.16863,0.320E-05,0.320E+04,0.276E-03,.90023E+03,0.101E-02,  24.59996,  -0.02370,    0.9818324924E+04,    0.3989731302E+04,    0.1556858588E+04,    0.2244824784E+04
  33,0.139E+02,0.577E+00,  3522.881, 0.975E-01, 9.356,0.840,     0.333,     0.333,     0.333,1115.2,0.100E+10,   0.94808,   0.30155,   0.06702,  16.42065,   0.16863,0.385E-05,0.385E+04,0.270E-03,.93049E+03,0.118E-02,  23.53684,  -0.02262,    0.1123996437E+05,    0.4011192905E+04,    0.1498993488E+04,    0.2251094737E+04
  34,0.139E+02,0.577E+00,  3522.881, 0.120E+00, 9.356,0.840,     0.333,     0.333,     0.333,1115.2,0.100E+10,   0.94808,   0.30155,   0.06702,  16.42065,   0.16863,0.464E-05,0.464E+04,0.267E-03,.96175E+03,0.137E-02,  22.47461,  -0.02153,    0.1286252498E+05,    0.4036797776E+04,    0.1432751544E+04,    0.2257555096E+04
  35,0.139E+02,0.577E+00,  3522.881, 0.147E+00, 9.356,0.840,     0.333,     0.333,     0.333,1115.2,0.100E+10,   0.94808,   0.30155,   0.06702,  16.42065,   0.16863,0.559E-05,0.559E+04,0.266E-03,.99408E+03,0.160E-02,  21.41118,  -0.02043,    0.1471515507E+05,    0.4067612381E+04,    0.1356838632E+04,    0.2263945192E+04
  36,0.139E+02,0.577E+00,  3522.881, 0.180E+00, 9.356,0.840,     0.333,     0.333,     0.333,1115.2,0.100E+10,   0.94808,   0.30155,   0.06702,  16.42065,   0.16863,0.673E-05,0.673E+04,0.267E-03,.10275E+04,0.186E-02,  20.34626,  -0.01931,    0.1682767323E+05,    0.4105032937E+04,    0.1269881898E+04,    0.2269811402E+04
  37,0.139E+02,0.577E+00,  3522.881, 0.219E+00, 9.356,0.840,     0.333,     0.333,     0.333,1115.2,0.100E+10,   0.94808,   0.30155,   0.06702,  16.42065,   0.16863,0.811E-05,0.811E+04,0.271E-03,.10618E+04,0.217E-02,  19.28131,  -0.01818,    0.1922822678E+05,    0.4150914942E+04,    0.1170501534E+04,    0.2274398088E+04
  38,0.139E+02,0.577E+00,  3522.881, 0.269E+00, 9.356,0.840,     0.333,     0.333,     0.333,1115.2,0.100E+10,   0.94808,   0.30155,   0.06702,  16.42065,   0.16863,0.977E-05,0.977E+04,0.279E-03,.10970E+04,0.253E-02,  18.21970,  -0.01704,    0.2193874891E+05,    0.4207758238E+04,    0.1057462215E+04,    0.2276477830E+04
  39,0.139E+02,0.577E+00,  3522.881, 0.331E+00, 9.356,0.840,     0.333,     0.333,     0.333,1115.2,0.100E+10,   0.94808,   0.30155,   0.06702,  16.42065,   0.16863,0.118E-04,0.118E+05,0.290E-03,.11326E+04,0.295E-02,  17.16721,  -0.01589,    0.2496646021E+05,    0.4278963352E+04,    0.9299741773E+03,    0.2274091582E+04
  40,0.139E+02,0.577E+00,  3522.881, 0.409E+00, 9.356,0.840,     0.333,     0.333,     0.333,1115.2,0.100E+10,   0.94808,   0.30155,   0.06702,  16.42065,   0.16863,0.142E-04,0.142E+05,0.305E-03,.11682E+04,0.344E-02,  16.13306,  -0.01475,    0.2828870642E+05,    0.4369159042E+04,    0.7882589780E+03,    0.2264170898E+04
  41,0.139E+02,0.577E+00,  3522.881, 0.511E+00, 9.356,0.840,     0.333,     0.333,     0.333,1115.2,0.100E+10,   0.94808,   0.30155,   0.06702,  16.42065,   0.16863,0.171E-04,0.171E+05,0.327E-03,.12029E+04,0.403E-02,  15.13153,  -0.01363,    0.3182839188E+05,    0.4484548409E+04,    0.6345161406E+03,    0.2242055702E+04
  42,0.139E+02,0.577E+00,  3522.881, 0.643E+00, 9.356,0.840,     0.333,     0.333,     0.333,1115.2,0.100E+10,   0.94808,   0.30155,   0.06702,  16.42065,   0.16863,0.206E-04,0.206E+05,0.354E-03,.12352E+04,0.473E-02,  14.18438,  -0.01254,    0.3542150502E+05,    0.4633104674E+04,    0.4743006760E+03,    0.2201065201E+04
  43,0.139E+02,0.577E+00,  3522.881, 0.817E+00, 9.356,0.840,     0.333,     0.333,     0.333,1115.2,0.100E+10,   0.94808,   0.30155,   0.06702,  16.42065,   0.16863,0.248E-04,0.248E+05,0.388E-03,.12633E+04,0.557E-02,  13.32315,  -0.01151,    0.3879235029E+05,    0.4824279112E+04,    0.3178201632E+03,    0.2132589228E+04
  44,0.139E+02,0.577E+00,  3522.881, 0.105E+01, 9.356,0.840,     0.333,     0.333,     0.333,1115.2,0.100E+10,   0.94808,   0.30155,   0.06702,  16.42065,   0.16863,0.298E-04,0.298E+05,0.427E-03,.12852E+04,0.659E-02,  12.58918,  -0.01059,    0.4157590341E+05,    0.5067816700E+04,    0.1797274943E+03,    0.2027516318E+04
  45,0.139E+02,0.577E+00,  3522.881, 0.136E+01, 9.356,0.840,     0.333,     0.333,     0.333,1115.2,0.100E+10,   0.94808,   0.30155,   0.06702,  16.42065,   0.16863,0.359E-04,0.359E+05,0.472E-03,.12991E+04,0.785E-02,  12.02721,  -0.00982,    0.4343400816E+05,    0.5371634137E+04,    0.7551244466E+02,    0.1879598704E+04
  46,0.139E+02,0.577E+00,  3522.881, 0.176E+01, 9.356,0.840,     0.333,     0.333,     0.333,1115.2,0.100E+10,   0.94808,   0.30155,   0.06702,  16.42065,   0.16863,0.433E-04,0.433E+05,0.519E-03,.13050E+04,0.942E-02,  11.66922,  -0.00922,    0.4425305218E+05,    0.5739573102E+04,    0.1449672100E+02,    0.1689846623E+04
  47,0.139E+02,0.577E+00,  3522.881, 0.230E+01, 9.356,0.840,     0.333,     0.333,     0.333,1115.2,0.100E+10,   0.94808,   0.30155,   0.06702,  16.42065,   0.16863,0.521E-04,0.521E+05,0.571E-03,.13051E+04,0.113E-01,  11.51082,  -0.00879,    0.4429541587E+05,    0.6170352870E+04,   -0.6335855409E+01,    0.1469030758E+04
  48,0.139E+02,0.577E+00,  3522.881, 0.302E+01, 9.356,0.840,     0.333,     0.333,     0.333,1115.2,0.100E+10,   0.94808,   0.30155,   0.06702,  16.42065,   0.16863,0.628E-04,0.628E+05,0.629E-03,.13037E+04,0.137E-01,  11.49313,  -0.00846,    0.4414086329E+05,    0.6658180072E+04,   -0.1689442185E+01,    0.1235477044E+04
  49,0.139E+02,0.577E+00,  3522.881, 0.397E+01, 9.356,0.840,     0.333,     0.333,     0.333,1115.2,0.100E+10,   0.94808,   0.30155,   0.06702,  16.42065,   0.16863,0.756E-04,0.756E+05,0.692E-03,.13053E+04,0.165E-01,  11.50963,  -0.00813,    0.4440241716E+05,    0.7194087314E+04,    0.1059086861E+02,    0.1008483884E+04
  50,0.139E+02,0.577E+00,  3522.881, 0.523E+01, 9.356,0.840,     0.333,     0.333,     0.333,1115.2,0.100E+10,   0.94808,   0.30155,   0.06702,  16.42065,   0.16863,0.911E-04,0.911E+05,0.763E-03,.13124E+04,0.197E-01,  11.44963,  -0.00768,    0.4542479298E+05,    0.7766856923E+04,    0.1912251821E+02,    0.8013630847E+03
  51,0.139E+02,0.577E+00,  3522.881, 0.691E+01, 9.356,0.840,     0.333,     0.333,     0.333,1115.2,0.100E+10,   0.94808,   0.30155,   0.06702,  16.42065,   0.16863,0.110E-03,0.110E+06,0.841E-03,.13246E+04,0.235E-01,  11.25404,  -0.00708,    0.4720673848E+05,    0.8362603664E+04,    0.2127496193E+02,    0.6187685241E+03
  52,0.139E+02,0.577E+00,  3522.881, 0.913E+01, 9.356,0.840,     0.333,     0.333,     0.333,1115.2,0.100E+10,   0.94808,   0.30155,   0.06702,  16.42065,   0.16863,0.132E-03,0.132E+06,0.927E-03,.13400E+04,0.280E-01,  10.93258,  -0.00632,    0.4952199114E+05,    0.8961989610E+04,    0.1882019577E+02,    0.4591257989E+03
  53,0.139E+02,0.577E+00,  3522.881, 0.121E+02, 9.356,0.840,     0.333,     0.333,     0.333,1115.2,0.100E+10,   0.94808,   0.30155,   0.06702,  16.42065,   0.16863,0.159E-03,0.159E+06,0.102E-02,.13560E+04,0.333E-01,  10.53624,  -0.00544,    0.5204430328E+05,    0.9535607531E+04,    0.1414505303E+02,    0.3197396476E+03
  54,0.139E+02,0.577E+00,  3522.881, 0.160E+02, 9.356,0.840,     0.333,     0.333,     0.333,1115.2,0.100E+10,   0.94808,   0.30155,   0.06702,  16.42065,   0.16863,0.192E-03,0.192E+06,0.113E-02,.13704E+04,0.397E-01,  10.12651,  -0.00451,    0.5443506509E+05,    0.1004262426E+05,    0.9156883165E+01,    0.2017260349E+03
  55,0.139E+02,0.577E+00,  3522.881, 0.212E+02, 9.356,0.840,     0.333,     0.333,     0.333,1115.2,0.100E+10,   0.94808,   0.30155,   0.06702,  16.42065,   0.16863,0.231E-03,0.231E+06,0.125E-02,.13815E+04,0.475E-01,   9.75690,  -0.00355,    0.5643084260E+05,    0.1044048866E+05,    0.5046095606E+01,    0.1104353919E+03
  56,0.139E+02,0.577E+00,  3522.881, 0.282E+02, 9.356,0.840,     0.333,     0.333,     0.333,1115.2,0.100E+10,   0.94808,   0.30155,   0.06702,  16.42065,   0.16863,0.278E-03,0.278E+06,0.137E-02,.13888E+04,0.569E-01,   9.46208,  -0.00260,    0.5791636056E+05,    0.1070515514E+05,    0.2293801907E+01,    0.5003340695E+02
  57,0.139E+02,0.577E+00,  3522.881, 0.374E+02, 9.356,0.840,     0.333,     0.333,     0.333,1115.2,0.100E+10,   0.94808,   0.30155,   0.06702,  16.42065,   0.16863,0.335E-03,0.335E+06,0.152E-02,.13926E+04,0.683E-01,   9.25315,  -0.00165,    0.5895772011E+05,    0.1084681771E+05,    0.8316492162E+00,    0.1798599071E+02
  58,0.139E+02,0.577E+00,  3522.881, 0.497E+02, 9.356,0.840,     0.333,     0.333,     0.333,1115.2,0.100E+10,   0.94808,   0.30155,   0.06702,  16.42065,   0.16863,0.404E-03,0.404E+06,0.167E-02,.13942E+04,0.822E-01,   9.11816,  -0.00069,    0.5976280171E+05,    0.1090474281E+05,    0.2530066333E+00,    0.5304177563E+01
  59,0.139E+02,0.577E+00,  3522.881, 0.660E+02, 9.356,0.840,     0.333,     0.333,     0.333,1115.2,0.100E+10,   0.94808,   0.30155,   0.06702,  16.42065,   0.16863,0.486E-03,0.486E+06,0.185E-02,.13947E+04,0.990E-01,   9.02960,   0.00032,    0.6057328691E+05,    0.1092316215E+05,    0.9715774497E-01,    0.1888522097E+01
  60,0.139E+02,0.577E+00,  3522.881, 0.877E+02, 9.356,0.840,     0.333,     0.333,     0.333,1115.2,0.100E+10,   0.94808,   0.30155,   0.06702,  16.42065,   0.16863,0.586E-03,0.586E+06,0.204E-02,.13949E+04,0.119E+00,   8.95891,   0.00142,    0.6157495699E+05,    0.1093028900E+05,    0.7179046591E-01,    0.1332561221E+01
  61,0.139E+02,0.577E+00,  3522.881, 0.117E+03, 9.356,0.840,     0.333,     0.333,     0.333,1115.2,0.100E+10,   0.94808,   0.30155,   0.06702,  16.42065,   0.16863,0.705E-03,0.705E+06,0.226E-02,.13951E+04,0.144E+00,   8.88806,   0.00263,    0.6289585809E+05,    0.1093675924E+05,    0.6965329040E-01,    0.1285721906E+01
  62,0.139E+02,0.577E+00,  3522.881, 0.155E+03, 9.356,0.840,     0.333,     0.333,     0.333,1115.2,0.100E+10,   0.94808,   0.30155,   0.06702,  16.42065,   0.16863,0.850E-03,0.850E+06,0.250E-02,.13954E+04,0.173E+00,   8.80984,   0.00397,    0.6465529811E+05,    0.1094511853E+05,    0.6957725538E-01,    0.1284055488E+01
  63,0.139E+02,0.577E+00,  3522.881, 0.207E+03, 9.356,0.840,     0.333,     0.333,     0.333,1115.2,0.100E+10,   0.94808,   0.30155,   0.06702,  16.42065,   0.16863,0.102E-02,0.102E+07,0.277E-02,.13957E+04,0.208E+00,   8.72191,   0.00546,    0.6700161647E+05,    0.1095625675E+05,    0.6957638466E-01,    0.1284036404E+01
  64,0.139E+02,0.577E+00,  3522.881, 0.275E+03, 9.356,0.840,     0.333,     0.333,     0.333,1115.2,0.100E+10,   0.94808,   0.30155,   0.06702,  16.42065,   0.16863,0.123E-02,0.123E+07,0.307E-02,.13962E+04,0.251E+00,   8.62287,   0.00710,    0.7013206079E+05,    0.1097111719E+05,    0.6957638244E-01,    0.1284036356E+01
  65,0.139E+02,0.577E+00,  3522.881, 0.367E+03, 9.356,0.840,     0.333,     0.333,     0.333,1115.2,0.100E+10,   0.94808,   0.30155,   0.06702,  16.42065,   0.16863,0.148E-02,0.148E+07,0.340E-02,.13968E+04,0.302E+00,   8.51123,   0.00893,    0.7431033667E+05,    0.1099095176E+05,    0.6957638244E-01,    0.1284036356E+01
  66,0.139E+02,0.577E+00,  3522.881, 0.489E+03, 9.356,0.840,     0.333,     0.333,     0.333,1115.2,0.100E+10,   0.94808,   0.30155,   0.06702,  16.42065,   0.16863,0.179E-02,0.179E+07,0.377E-02,.13977E+04,0.363E+00,   8.38520,   0.01094,    0.7988903922E+05,    0.1101743425E+05,    0.6957638244E-01,    0.1284036356E+01
  67,0.139E+02,0.577E+00,  3522.881, 0.653E+03, 9.356,0.840,     0.333,     0.333,     0.333,1115.2,0.100E+10,   0.94808,   0.30155,   0.06702,  16.42065,   0.16863,0.215E-02,0.215E+07,0.418E-02,.13988E+04,0.437E+00,   8.24273,   0.01317,    0.8733955212E+05,    0.1105280235E+05,    0.6957638244E-01,    0.1284036356E+01
  68,0.139E+02,0.577E+00,  3522.881, 0.871E+03, 9.356,0.840,     0.333,     0.333,     0.333,1115.2,0.100E+10,   0.94808,   0.30155,   0.06702,  16.42065,   0.16863,0.260E-02,0.260E+07,0.463E-02,.14003E+04,0.526E+00,   8.08132,   0.01562,    0.9729191162E+05,    0.1110004690E+05,    0.6957638244E-01,    0.1284036356E+01
  69,0.139E+02,0.577E+00,  3522.881, 0.116E+04, 9.356,0.840,     0.333,     0.333,     0.333,1115.2,0.100E+10,   0.94808,   0.30155,   0.06702,  16.42065,   0.16863,0.313E-02,0.313E+07,0.514E-02,.14023E+04,0.633E+00,   7.89803,   0.01833,    0.1105878880E+06,    0.1116316383E+05,    0.6957638244E-01,    0.1284036356E+01
  70,0.139E+02,0.577E+00,  3522.881, 0.155E+04, 9.356,0.840,     0.333,     0.333,     0.333,1115.2,0.100E+10,   0.94808,   0.30155,   0.06702,  16.42065,   0.16863,0.376E-02,0.376E+07,0.570E-02,.14049E+04,0.761E+00,   7.68932,   0.02132,    0.1283515583E+06,    0.1124748921E+05,    0.6957638244E-01,    0.1284036356E+01
  71,0.139E+02,0.577E+00,  3522.881, 0.207E+04, 9.356,0.840,     0.333,     0.333,     0.333,1115.2,0.100E+10,   0.94808,   0.30155,   0.06702,  16.42065,   0.16863,0.453E-02,0.453E+07,0.632E-02,.14084E+04,0.914E+00,   7.45093,   0.02460,    0.1520829803E+06,    0.1136014393E+05,    0.6957638244E-01,    0.1284036356E+01
  72,0.139E+02,0.577E+00,  3522.881, 0.277E+04, 9.356,0.840,     0.333,     0.333,     0.333,1115.2,0.100E+10,   0.94808,   0.30155,   0.06702,  16.42065,   0.16863,0.546E-02,0.546E+07,0.701E-02,.14131E+04,0.110E+01,   7.17775,   0.02819,    0.1837823521E+06,    0.1151062306E+05,    0.6957638244E-01,    0.1284036356E+01
  73,0.139E+02,0.577E+00,  3522.881, 0.370E+04, 9.356,0.840,     0.333,     0.333,     0.333,1115.2,0.100E+10,   0.94808,   0.30155,   0.06702,  16.42065,   0.16863,0.658E-02,0.658E+07,0.777E-02,.14192E+04,0.132E+01,   6.86364,   0.03213,    0.2261144668E+06,    0.1171157657E+05,    0.6957638244E-01,    0.1284036356E+01
  74,0.139E+02,0.577E+00,  3522.881, 0.494E+04, 9.356,0.840,     0.333,     0.333,     0.333,1115.2,0.100E+10,   0.94808,   0.30155,   0.06702,  16.42065,   0.16863,0.792E-02,0.792E+07,0.862E-02,.14273E+04,0.158E+01,   6.50128,   0.03644,    0.2826268010E+06,    0.1197984457E+05,    0.6957638244E-01,    0.1284036356E+01
  75,0.139E+02,0.577E+00,  3522.881, 0.659E+04, 9.356,0.840,     0.333,     0.333,     0.333,1115.2,0.100E+10,   0.94808,   0.30155,   0.06702,  16.42065,   0.16863,0.955E-02,0.955E+07,0.955E-02,.14378E+04,0.188E+01,   6.08197,   0.04114,    0.3580400797E+06,    0.1233783668E+05,    0.6957638244E-01,    0.1284036356E+01
  76,0.139E+02,0.577E+00,  3522.881, 0.879E+04, 9.356,0.840,     0.333,     0.333,     0.333,1115.2,0.100E+10,   0.94808,   0.30155,   0.06702,  16.42065,   0.16863,0.115E-01,0.115E+08,0.106E-01,.14515E+04,0.225E+01,   5.59554,   0.04625,    0.4586394709E+06,    0.1281538902E+05,    0.6957638244E-01,    0.1284036356E+01
  77,0.139E+02,0.577E+00,  3522.881, 0.117E+05, 9.356,0.840,     0.333,     0.333,     0.333,1115.2,0.100E+10,   0.94808,   0.30155,   0.06702,  16.42065,   0.16863,0.138E-01,0.138E+08,0.117E-01,.14692E+04,0.268E+01,   5.03019,   0.05180,    0.5928111550E+06,    0.1345231138E+05,    0.6957638244E-01,    0.1284036356E+01
  78,0.139E+02,0.577E+00,  3522.881, 0.157E+05, 9.356,0.840,     0.333,     0.333,     0.333,1115.2,0.100E+10,   0.94808,   0.30155,   0.06702,  16.42065,   0.16863,0.167E-01,0.167E+08,0.130E-01,.14919E+04,0.317E+01,   4.37248,   0.05785,    0.7717993026E+06,    0.1430198063E+05,    0.6957638244E-01,    0.1284036356E+01
  79,0.139E+02,0.577E+00,  3522.881, 0.209E+05, 9.356,0.840,     0.333,     0.333,     0.333,1115.2,0.100E+10,   0.94808,   0.30155,   0.06702,  16.42065,   0.16863,0.201E-01,0.201E+08,0.144E-01,.15207E+04,0.375E+01,   3.60730,   0.06444,    0.1010813715E+07,    0.1543659876E+05,    0.6957638244E-01,    0.1284036356E+01
  80,0.139E+02,0.577E+00,  3522.881, 0.279E+05, 9.356,0.840,     0.333,     0.333,     0.333,1115.2,0.100E+10,   0.94808,   0.30155,   0.06702,  16.42065,   0.16863,0.242E-01,0.242E+08,0.160E-01,.15568E+04,0.441E+01,   2.71787,   0.07168,    0.1330718103E+07,    0.1695520725E+05,    0.6957638244E-01,    0.1284036356E+01
  81,0.139E+02,0.577E+00,  3522.881, 0.373E+05, 9.356,0.840,     0.333,     0.333,     0.333,1115.2,0.100E+10,   0.94808,   0.30155,   0.06702,  16.42065,   0.16863,0.292E-01,0.292E+08,0.178E-01,.16017E+04,0.517E+01,   1.68570,   0.07975,    0.1760709520E+07,    0.1899640656E+05,    0.6957638244E-01,    0.1284036356E+01
  82,0.139E+02,0.577E+00,  3522.881, 0.501E+05, 9.356,0.840,     0.333,     0.333,     0.333,1115.2,0.100E+10,   0.94808,   0.30155,   0.06702,  16.42065,   0.16863,0.351E-01,0.351E+08,0.200E-01,.16570E+04,0.602E+01,   0.49030,   0.08889,    0.2342736969E+07,    0.2175933154E+05,    0.6957638244E-01,    0.1284036356E+01
  83,0.139E+02,0.577E+00,  3522.881, 0.676E+05, 9.356,0.840,     0.333,     0.333,     0.333,1115.2,0.100E+10,   0.94808,   0.30155,   0.06702,  16.42065,   0.16863,0.423E-01,0.423E+08,0.228E-01,.17247E+04,0.696E+01,  -0.89134,   0.09952,    0.3139081950E+07,    0.2553963683E+05,    0.6957638244E-01,    0.1284036356E+01
  84,0.139E+02,0.577E+00,  3522.881, 0.918E+05, 9.356,0.840,     0.333,     0.333,     0.333,1115.2,0.100E+10,   0.94808,   0.30155,   0.06702,  16.42065,   0.16863,0.509E-01,0.509E+08,0.263E-01,.18073E+04,0.800E+01,  -2.48574,   0.11225,    0.4246000421E+07,    0.3079425618E+05,    0.6957638244E-01,    0.1284036356E+01
  85,0.139E+02,0.577E+00,  3522.881, 0.126E+06, 9.356,0.840,     0.333,     0.333,     0.333,1115.2,0.100E+10,   0.94808,   0.30155,   0.06702,  16.42065,   0.16863,0.614E-01,0.614E+08,0.310E-01,.18968E+04,0.918E+01,  -4.32418,   0.12803,    0.5819876456E+07,    0.3826555573E+05,    0.6957638244E-01,    0.1284036356E+01
  86,0.139E+02,0.577E+00,  3522.881, 0.177E+06, 9.356,0.840,     0.333,     0.333,     0.333,1115.2,0.100E+10,   0.94808,   0.30155,   0.06702,  16.42065,   0.16863,0.739E-01,0.739E+08,0.378E-01,.19896E+04,0.105E+02,  -6.44380,   0.14826,    0.8131702739E+07,    0.4923995670E+05,    0.6957638244E-01,    0.1284036356E+01
  87,0.139E+02,0.577E+00,  3522.881, 0.255E+06, 9.356,0.840,     0.333,     0.333,     0.333,1115.2,0.100E+10,   0.94808,   0.30155,   0.06702,  16.42065,   0.16863,0.890E-01,0.890E+08,0.483E-01,.20857E+04,0.121E+02,  -8.88671,   0.17509,    0.1169319424E+08,    0.6614660578E+05,    0.6957638244E-01,    0.1284036356E+01
  88,0.139E+02,0.577E+00,  3522.881, 0.385E+06, 9.356,0.840,     0.333,     0.333,     0.333,1115.2,0.100E+10,   0.94808,   0.30155,   0.06702,  16.42065,   0.16863,0.107E+00,0.107E+09,0.665E-01,.21853E+04,0.139E+02, -11.69237,   0.21175,    0.1759188815E+08,    0.9414811809E+05,    0.6957638244E-01,    0.1284036356E+01
  89,0.139E+02,0.577E+00,  3522.881, 0.625E+06, 9.356,0.840,     0.333,     0.333,     0.333,1115.2,0.100E+10,   0.94808,   0.30155,   0.06702,  16.42065,   0.16863,0.129E+00,0.129E+09,0.103E+00,.22881E+04,0.160E+02, -14.86840,   0.26301,    0.2858024620E+08,    0.1463106219E+06,    0.6957638244E-01,    0.1284036356E+01
  90,0.139E+02,0.577E+00,  3522.881, 0.118E+07, 9.356,0.840,     0.333,     0.333,     0.333,1115.2,0.100E+10,   0.94808,   0.30155,   0.06702,  16.42065,   0.16863,0.156E+00,0.156E+09,0.198E+00,.23943E+04,0.184E+02, -18.29605,   0.33505,    0.5406956907E+08,    0.2673102192E+06,    0.6957638244E-01,    0.1284036356E+01
  91,0.139E+02,0.577E+00,  3522.881, 0.351E+07, 9.356,0.840,     0.333,     0.333,     0.333,1115.2,0.100E+10,   0.94808,   0.30155,   0.06702,  16.42065,   0.16863,0.187E+00,0.187E+09,0.683E+00,.25037E+04,0.212E+02, -21.46239,   0.43120,    0.1600033273E+09,    0.7701851743E+06,    0.6957638244E-01,    0.1284036356E+01
  92,0.139E+02,0.577E+00,  3522.881, 0.570E+10, 9.356,0.840,     0.333,     0.333,     0.333,1115.2,0.100E+10,   0.94808,   0.30155,   0.06702,  16.42065,   0.16863,0.226E+00,0.226E+09,0.139E+04,.26163E+04,0.245E+02, -23.01805,   0.52881,    0.2601301647E+12,    0.1234866713E+10,    0.6957638244E-01,    0.1284036356E+01
  93,0.139E+02,0.577E+00,  3522.881, 0.493E+17, 9.356,0.840,     0.333,     0.333,     0.333,1115.2,0.100E+10,   0.94808,   0.30155,   0.06702,  16.42065,   0.16863,0.272E+00,0.272E+09,0.100E+11,.27322E+04,0.282E+02, -22.07703,   0.52232,    0.2249740441E+19,    0.1067967513E+17,    0.6957638244E-01,    0.1284036356E+01
  94,0.139E+02,0.577E+00,  3522.881, 0.109E+18, 9.356,0.840,     0.333,     0.333,     0.333,1115.2,0.100E+10,   0.94808,   0.30155,   0.06702,  16.42065,   0.16863,0.327E+00,0.327E+09,0.100E+11,.28511E+04,0.326E+02, -20.33378,   0.45052,    0.4959560455E+19,    0.2354338015E+17,    0.6957638244E-01,    0.1284036356E+01
  95,0.139E+02,0.577E+00,  3522.881, 0.180E+18, 9.356,0.840,     0.333,     0.333,     0.333,1115.2,0.100E+10,   0.94808,   0.30155,   0.06702,  16.42065,   0.16863,0.394E+00,0.394E+09,0.100E+11,.29729E+04,0.377E+02, -20.17070,   0.44697,    0.8223548254E+19,    0.3903775838E+17,    0.6957638244E-01,    0.1284036356E+01
  96,0.139E+02,0.577E+00,  3522.881, 0.267E+18, 9.356,0.840,     0.333,     0.333,     0.333,1115.2,0.100E+10,   0.94808,   0.30155,   0.06702,  16.42065,   0.16863,0.475E+00,0.475E+09,0.100E+11,.30977E+04,0.435E+02, -20.03726,   0.44469,    0.1215503311E+20,    0.5770079182E+17,    0.6957638244E-01,    0.1284036356E+01
  97,0.139E+02,0.577E+00,  3522.881, 0.370E+18, 9.356,0.840,     0.333,     0.333,     0.333,1115.2,0.100E+10,   0.94808,   0.30155,   0.06702,  16.42065,   0.16863,0.572E+00,0.572E+09,0.100E+11,.32251E+04,0.504E+02, -19.91579,   0.44294,    0.1689052055E+20,    0.8018048166E+17,    0.6957638244E-01,    0.1284036356E+01
  98,0.139E+02,0.577E+00,  3522.881, 0.495E+18, 9.356,0.840,     0.333,     0.333,     0.333,1115.2,0.100E+10,   0.94808,   0.30155,   0.06702,  16.42065,   0.16863,0.689E+00,0.689E+09,0.100E+11,.33552E+04,0.583E+02, -19.80074,   0.44146,    0.2259443192E+20,    0.1072573477E+18,    0.6957638244E-01,    0.1284036356E+01
  99,0.139E+02,0.577E+00,  3522.881, 0.646E+18, 9.356,0.840,     0.333,     0.333,     0.333,1115.2,0.100E+10,   0.94808,   0.30155,   0.06702,  16.42065,   0.16863,0.830E+00,0.830E+09,0.100E+11,.34877E+04,0.676E+02, -19.68965,   0.44015,    0.2946481337E+20,    0.1398715286E+18,    0.6957638244E-01,    0.1284036356E+01
 100,0.139E+02,0.577E+00,  3522.881, 0.828E+18, 9.356,0.840,     0.333,     0.333,     0.333,1115.2,0.100E+10,   0.94808,   0.30155,   0.06702,  16.42065,   0.16863,0.100E+01,0.100E+10,0.100E+11,.36225E+04,0.784E+02, -19.58121,   0.43896,    0.3774021214E+20,    0.1791554251E+18,    0.6957638244E-01,    0.1284036356E+01
